scenario,family,nominal_group_n,group_sizes,scale_multipliers,effect_size,hypothesis,seed,replications,classical_rejection_rate,welch_rejection_rate,selected_unconditional_rejection_rate,selected_conditional_rejection_rate,acceptable_rejection_rate,caution_rejection_rate,acceptable_rate,caution_rate,insufficient_rate,welch_selection_rate,classical_selection_rate,classical_eligible_rate,false_acceptable_rate,excessive_conservatism,median_max_abs_skewness,median_max_abs_excess_kurtosis,median_max_outlier_fraction,median_variance_ratio,policy_version
normal_equal_balanced,normal,10,10;10;10,1.0;1.0;1.0,0.0,H0,20260827,100,0.03,0.01,0.01,0.014492753623188406,,0.014492753623188406,0.0,0.69,0.31,0.69,0.0,0.57,0.0,True,0.8211743562881202,1.51148403199108,0.0,2.1697867216840487,anova-v1-2026-08
normal_equal_balanced,normal,10,10;10;10,1.0;1.0;1.0,0.0,H0,20260828,100,0.05,0.06,0.04,0.05555555555555555,,0.05555555555555555,0.0,0.72,0.28,0.72,0.0,0.59,0.0,False,0.8672523068789566,1.472526463373292,0.0,2.327369997938021,anova-v1-2026-08
normal_equal_balanced,normal,10,10;10;10,1.0;1.0;1.0,0.0,H0,20260829,100,0.05,0.05,0.05,0.06944444444444445,,0.06944444444444445,0.0,0.72,0.28,0.72,0.0,0.61,0.0,False,0.8698487538365629,1.45274097151366,0.0,2.0712568413422954,anova-v1-2026-08
normal_equal_balanced,normal,10,10;10;10,1.0;1.0;1.0,0.8,H1,20260827,100,0.32,0.31,0.22,0.3188405797101449,,0.3188405797101449,0.0,0.69,0.31,0.69,0.0,0.64,0.0,False,0.8112957671271415,1.4857470919279994,0.0,2.006387137209421,anova-v1-2026-08
normal_equal_balanced,normal,10,10;10;10,1.0;1.0;1.0,0.8,H1,20260828,100,0.29,0.32,0.26,0.3291139240506329,,0.3291139240506329,0.0,0.79,0.21,0.79,0.0,0.61,0.0,False,0.7803074429226432,1.3537287966930236,0.0,2.462328931281663,anova-v1-2026-08
normal_equal_balanced,normal,10,10;10;10,1.0;1.0;1.0,0.8,H1,20260829,100,0.23,0.2,0.13,0.20634920634920634,,0.20634920634920634,0.0,0.63,0.37,0.63,0.0,0.53,0.0,False,0.8630773009885564,1.6829182940616714,0.0,2.1878570886119437,anova-v1-2026-08
normal_equal_balanced,normal,25,25;25;25,1.0;1.0;1.0,0.0,H0,20260827,100,0.06,0.07,0.07,0.0707070707070707,0.06557377049180328,0.07894736842105263,0.61,0.38,0.01,0.99,0.0,0.96,0.0,False,0.6240231285920308,0.890595786433307,0.0,1.5700173730479117,anova-v1-2026-08
normal_equal_balanced,normal,25,25;25;25,1.0;1.0;1.0,0.0,H0,20260828,100,0.06,0.07,0.06,0.061855670103092786,0.078125,0.030303030303030304,0.64,0.33,0.03,0.97,0.0,0.94,0.64,False,0.591940419632471,0.9446580772522382,0.0,1.561141711063025,anova-v1-2026-08
normal_equal_balanced,normal,25,25;25;25,1.0;1.0;1.0,0.0,H0,20260829,100,0.08,0.09,0.09,0.09090909090909091,0.08196721311475409,0.10526315789473684,0.61,0.38,0.01,0.99,0.0,0.98,0.61,False,0.5704972269602249,0.9968568462949028,0.0,1.5598318287538837,anova-v1-2026-08
normal_equal_balanced,normal,25,25;25;25,1.0;1.0;1.0,0.8,H1,20260827,100,0.72,0.71,0.69,0.7040816326530612,0.7037037037037037,0.7045454545454546,0.54,0.44,0.02,0.98,0.0,0.95,0.0,False,0.583440355799096,1.0247739704578722,0.0,1.546905926950996,anova-v1-2026-08
normal_equal_balanced,normal,25,25;25;25,1.0;1.0;1.0,0.8,H1,20260828,100,0.64,0.64,0.64,0.6464646464646465,0.6716417910447762,0.59375,0.67,0.32,0.01,0.99,0.0,0.95,0.0,False,0.5471119183414729,0.9282113904682086,0.0,1.6844114561015098,anova-v1-2026-08
normal_equal_balanced,normal,25,25;25;25,1.0;1.0;1.0,0.8,H1,20260829,100,0.84,0.8,0.79,0.8061224489795918,0.7857142857142857,0.8571428571428571,0.7,0.28,0.02,0.98,0.0,0.96,0.0,False,0.5259987183982129,0.9415073202091919,0.0,1.5381395830171982,anova-v1-2026-08
normal_equal_balanced,normal,60,60;60;60,1.0;1.0;1.0,0.0,H0,20260827,100,0.04,0.05,0.05,0.05,0.03225806451612903,0.07894736842105263,0.62,0.38,0.0,1.0,0.0,0.94,0.0,False,0.4520075255459016,0.6764302786160592,0.0,1.338288811578814,anova-v1-2026-08
normal_equal_balanced,normal,60,60;60;60,1.0;1.0;1.0,0.0,H0,20260828,100,0.05,0.05,0.05,0.05,0.045454545454545456,0.058823529411764705,0.66,0.34,0.0,1.0,0.0,0.95,0.0,False,0.3937891682992075,0.741140927199442,0.0,1.3486249101630927,anova-v1-2026-08
normal_equal_balanced,normal,60,60;60;60,1.0;1.0;1.0,0.0,H0,20260829,100,0.01,0.02,0.02,0.02,0.01639344262295082,0.02564102564102564,0.61,0.39,0.0,1.0,0.0,0.96,0.61,True,0.39990057082454467,0.7299883365548314,0.0,1.3030582785895357,anova-v1-2026-08
normal_equal_balanced,normal,60,60;60;60,1.0;1.0;1.0,0.8,H1,20260827,100,0.98,0.98,0.98,0.98,0.9696969696969697,1.0,0.66,0.34,0.0,1.0,0.0,0.94,0.0,False,0.3731649559269977,0.6927580494437298,0.0,1.3203908572200485,anova-v1-2026-08
normal_equal_balanced,normal,60,60;60;60,1.0;1.0;1.0,0.8,H1,20260828,100,0.98,0.98,0.98,0.98,0.9836065573770492,0.9743589743589743,0.61,0.39,0.0,1.0,0.0,0.98,0.0,False,0.39582192684284895,0.6918375019110126,0.0,1.3361956841912312,anova-v1-2026-08
normal_equal_balanced,normal,60,60;60;60,1.0;1.0;1.0,0.8,H1,20260829,100,0.99,0.99,0.99,0.99,0.9836065573770492,1.0,0.61,0.39,0.0,1.0,0.0,0.98,0.0,False,0.3752702658823912,0.7489846822958541,0.0,1.329941835953563,anova-v1-2026-08
normal_equal_unbalanced,normal,10,5;10;20,1.0;1.0;1.0,0.0,H0,20260827,100,0.06,0.08,0.0,,,,0.0,0.0,1.0,0.0,0.0,0.0,0.0,False,0.8515791409177771,1.8873177734842899,0.0,2.590581870967456,anova-v1-2026-08
normal_equal_unbalanced,normal,10,5;10;20,1.0;1.0;1.0,0.0,H0,20260828,100,0.11,0.06,0.0,,,,0.0,0.0,1.0,0.0,0.0,0.0,0.0,False,0.8834275966851426,2.0883345455626325,0.0,2.3693200515505586,anova-v1-2026-08
normal_equal_unbalanced,normal,10,5;10;20,1.0;1.0;1.0,0.0,H0,20260829,100,0.07,0.08,0.0,,,,0.0,0.0,1.0,0.0,0.0,0.0,0.0,False,0.8785626236931541,1.869590700649677,0.0,2.2804740766741274,anova-v1-2026-08
normal_equal_unbalanced,normal,10,5;10;20,1.0;1.0;1.0,0.8,H1,20260827,100,0.23,0.17,0.0,,,,0.0,0.0,1.0,0.0,0.0,0.0,0.0,False,0.9523093224101633,1.8942343528417553,0.0,2.3301949580270636,anova-v1-2026-08
normal_equal_unbalanced,normal,10,5;10;20,1.0;1.0;1.0,0.8,H1,20260828,100,0.29,0.32,0.0,,,,0.0,0.0,1.0,0.0,0.0,0.0,0.0,False,1.0162328439115722,1.8947313933558956,0.0,2.3866146720164494,anova-v1-2026-08
normal_equal_unbalanced,normal,10,5;10;20,1.0;1.0;1.0,0.8,H1,20260829,100,0.24,0.17,0.0,,,,0.0,0.0,1.0,0.0,0.0,0.0,0.0,False,0.889354312535537,1.9945660087422619,0.0,2.343056160848801,anova-v1-2026-08
normal_equal_unbalanced,normal,25,12;25;50,1.0;1.0;1.0,0.0,H0,20260827,100,0.03,0.03,0.03,0.033707865168539325,,0.033707865168539325,0.0,0.89,0.11,0.89,0.0,0.7,0.0,False,0.6025783153730909,1.012246312037952,0.0,1.7047339593066888,anova-v1-2026-08
normal_equal_unbalanced,normal,25,12;25;50,1.0;1.0;1.0,0.0,H0,20260828,100,0.06,0.08,0.08,0.08602150537634409,,0.08602150537634409,0.0,0.93,0.07,0.93,0.0,0.82,0.0,False,0.6186934173287871,1.112339334828352,0.0,1.6762422098338763,anova-v1-2026-08
normal_equal_unbalanced,normal,25,12;25;50,1.0;1.0;1.0,0.0,H0,20260829,100,0.05,0.05,0.04,0.045454545454545456,,0.045454545454545456,0.0,0.88,0.12,0.88,0.0,0.79,0.0,False,0.5108214282917999,1.0534506897454698,0.0,1.5178930788081733,anova-v1-2026-08
normal_equal_unbalanced,normal,25,12;25;50,1.0;1.0;1.0,0.8,H1,20260827,100,0.66,0.63,0.62,0.6458333333333334,,0.6458333333333334,0.0,0.96,0.04,0.96,0.0,0.88,0.0,False,0.550512137448933,0.9431339005260186,0.0,1.6402279945879719,anova-v1-2026-08
normal_equal_unbalanced,normal,25,12;25;50,1.0;1.0;1.0,0.8,H1,20260828,100,0.61,0.6,0.55,0.5978260869565217,,0.5978260869565217,0.0,0.92,0.08,0.92,0.0,0.83,0.0,False,0.5788984625410643,0.9919512122953624,0.0,1.7183264877316928,anova-v1-2026-08
normal_equal_unbalanced,normal,25,12;25;50,1.0;1.0;1.0,0.8,H1,20260829,100,0.78,0.7,0.62,0.6966292134831461,,0.6966292134831461,0.0,0.89,0.11,0.89,0.0,0.74,0.0,False,0.5557136521960556,1.0915505217036863,0.0,1.7118786867167581,anova-v1-2026-08
normal_equal_unbalanced,normal,60,30;60;120,1.0;1.0;1.0,0.0,H0,20260827,100,0.07,0.09,0.09,0.09,0.10294117647058823,0.0625,0.68,0.32,0.0,1.0,0.0,0.93,0.68,False,0.3743040074137417,0.6755259023484679,0.0,1.4099925681309557,anova-v1-2026-08
normal_equal_unbalanced,normal,60,30;60;120,1.0;1.0;1.0,0.0,H0,20260828,100,0.04,0.05,0.05,0.05,0.034482758620689655,0.07142857142857142,0.58,0.42,0.0,1.0,0.0,0.95,0.0,False,0.4003230383950984,0.7754765942515611,0.0,1.3224957789702565,anova-v1-2026-08
normal_equal_unbalanced,normal,60,30;60;120,1.0;1.0;1.0,0.0,H0,20260829,100,0.05,0.05,0.05,0.05,0.038461538461538464,0.0625,0.52,0.48,0.0,1.0,0.0,0.92,0.0,False,0.4162756648677958,0.7956623601513901,0.0,1.40158457098129,anova-v1-2026-08
normal_equal_unbalanced,normal,60,30;60;120,1.0;1.0;1.0,0.8,H1,20260827,100,0.97,0.97,0.97,0.97,0.9692307692307692,0.9714285714285714,0.65,0.35,0.0,1.0,0.0,0.94,0.0,False,0.3819222049770683,0.6484169537102573,0.0,1.3827867986559346,anova-v1-2026-08
normal_equal_unbalanced,normal,60,30;60;120,1.0;1.0;1.0,0.8,H1,20260828,100,0.99,0.99,0.98,0.98989898989899,0.9836065573770492,1.0,0.61,0.38,0.01,0.99,0.0,0.91,0.0,False,0.4106158274073959,0.6388542571916838,0.0,1.3241662730208668,anova-v1-2026-08
normal_equal_unbalanced,normal,60,30;60;120,1.0;1.0;1.0,0.8,H1,20260829,100,0.98,0.96,0.96,0.96,0.9482758620689655,0.9761904761904762,0.58,0.42,0.0,1.0,0.0,0.96,0.0,False,0.41361107115212536,0.7564689791088095,0.0,1.3166027531849833,anova-v1-2026-08
normal_unequal_balanced,normal,10,10;10;10,1.0;2.0;4.0,0.0,H0,20260827,100,0.05,0.04,0.03,0.039473684210526314,,0.039473684210526314,0.0,0.76,0.24,0.76,0.0,0.0,0.0,False,0.8194397560302569,1.4814448049436737,0.0,18.28398970807398,anova-v1-2026-08
normal_unequal_balanced,normal,10,10;10;10,1.0;2.0;4.0,0.0,H0,20260828,100,0.07,0.05,0.04,0.05263157894736842,,0.05263157894736842,0.0,0.76,0.24,0.76,0.0,0.0,0.0,False,0.8431929868582514,1.4381577130033376,0.0,13.10849561226721,anova-v1-2026-08
normal_unequal_balanced,normal,10,10;10;10,1.0;2.0;4.0,0.0,H0,20260829,100,0.08,0.06,0.05,0.06756756756756757,,0.06756756756756757,0.0,0.74,0.26,0.74,0.0,0.03,0.0,False,0.8343949115237198,1.3841125735808548,0.0,16.68388206878085,anova-v1-2026-08
normal_unequal_balanced,normal,10,10;10;10,1.0;2.0;4.0,0.8,H1,20260827,100,0.11,0.08,0.03,0.04054054054054054,,0.04054054054054054,0.0,0.74,0.26,0.74,0.0,0.03,0.0,False,0.755686220452537,1.5008947792517198,0.0,17.054182165137583,anova-v1-2026-08
normal_unequal_balanced,normal,10,10;10;10,1.0;2.0;4.0,0.8,H1,20260828,100,0.12,0.08,0.06,0.07792207792207792,,0.07792207792207792,0.0,0.77,0.23,0.77,0.0,0.01,0.0,False,0.8696608925415509,1.399159547092196,0.0,16.350383845779163,anova-v1-2026-08
normal_unequal_balanced,normal,10,10;10;10,1.0;2.0;4.0,0.8,H1,20260829,100,0.11,0.1,0.07,0.08536585365853659,,0.08536585365853659,0.0,0.82,0.18,0.82,0.0,0.02,0.0,False,0.8235690784363092,1.456498784325857,0.0,13.791512773687703,anova-v1-2026-08
normal_unequal_balanced,normal,25,25;25;25,1.0;2.0;4.0,0.0,H0,20260827,100,0.06,0.06,0.05,0.052083333333333336,0.03508771929824561,0.07692307692307693,0.57,0.39,0.04,0.96,0.0,0.0,0.0,False,0.5985311184264649,1.0152004593098947,0.0,15.79414934901202,anova-v1-2026-08
normal_unequal_balanced,normal,25,25;25;25,1.0;2.0;4.0,0.0,H0,20260828,100,0.07,0.06,0.06,0.06382978723404255,0.08064516129032258,0.03125,0.62,0.32,0.06,0.94,0.0,0.0,0.62,False,0.5634166560661187,0.9471686295985091,0.0,16.398235697853483,anova-v1-2026-08
normal_unequal_balanced,normal,25,25;25;25,1.0;2.0;4.0,0.0,H0,20260829,100,0.08,0.06,0.06,0.061224489795918366,0.03278688524590164,0.10810810810810811,0.61,0.37,0.02,0.98,0.0,0.0,0.0,False,0.6412282525939836,0.9698208521958498,0.0,17.22232102197725,anova-v1-2026-08
normal_unequal_balanced,normal,25,25;25;25,1.0;2.0;4.0,0.8,H1,20260827,100,0.19,0.25,0.25,0.25252525252525254,0.27692307692307694,0.20588235294117646,0.65,0.34,0.01,0.99,0.0,0.0,0.0,False,0.5801667850876304,0.9421944018275568,0.0,18.1247128376315,anova-v1-2026-08
normal_unequal_balanced,normal,25,25;25;25,1.0;2.0;4.0,0.8,H1,20260828,100,0.15,0.19,0.19,0.1958762886597938,0.1896551724137931,0.20512820512820512,0.58,0.39,0.03,0.97,0.0,0.0,0.0,False,0.5726038088253905,0.963392811414447,0.0,15.550741278007308,anova-v1-2026-08
normal_unequal_balanced,normal,25,25;25;25,1.0;2.0;4.0,0.8,H1,20260829,100,0.23,0.2,0.19,0.1919191919191919,0.2807017543859649,0.07142857142857142,0.57,0.42,0.01,0.99,0.0,0.0,0.0,False,0.5564950204296355,0.9476443102440417,0.0,15.298446416192693,anova-v1-2026-08
normal_unequal_balanced,normal,60,60;60;60,1.0;2.0;4.0,0.0,H0,20260827,100,0.03,0.04,0.04,0.04,0.015151515151515152,0.08823529411764706,0.66,0.34,0.0,1.0,0.0,0.0,0.66,False,0.36935166441235157,0.668432682814988,0.0,16.094207471479194,anova-v1-2026-08
normal_unequal_balanced,normal,60,60;60;60,1.0;2.0;4.0,0.0,H0,20260828,100,0.11,0.02,0.02,0.02,0.029411764705882353,0.0,0.68,0.32,0.0,1.0,0.0,0.0,0.0,True,0.3779179188132953,0.6159341324409706,0.0,15.70826332385247,anova-v1-2026-08
normal_unequal_balanced,normal,60,60;60;60,1.0;2.0;4.0,0.0,H0,20260829,100,0.1,0.04,0.04,0.04,0.04838709677419355,0.02631578947368421,0.62,0.38,0.0,1.0,0.0,0.0,0.0,False,0.4033388735937158,0.6560102681175437,0.0,16.568203607691462,anova-v1-2026-08
normal_unequal_balanced,normal,60,60;60;60,1.0;2.0;4.0,0.8,H1,20260827,100,0.26,0.4,0.4,0.4,0.4,0.4,0.65,0.35,0.0,1.0,0.0,0.0,0.0,False,0.3760814700620241,0.6514499236473537,0.0,15.916613400531627,anova-v1-2026-08
normal_unequal_balanced,normal,60,60;60;60,1.0;2.0;4.0,0.8,H1,20260828,100,0.3,0.35,0.35,0.35,0.39436619718309857,0.2413793103448276,0.71,0.29,0.0,1.0,0.0,0.0,0.0,False,0.39289699909392567,0.6337364135074612,0.0,15.85473201858277,anova-v1-2026-08
normal_unequal_balanced,normal,60,60;60;60,1.0;2.0;4.0,0.8,H1,20260829,100,0.24,0.38,0.38,0.38,0.40350877192982454,0.3488372093023256,0.57,0.43,0.0,1.0,0.0,0.0,0.0,False,0.41848108785758525,0.7045242916461063,0.0,15.634734244932371,anova-v1-2026-08
normal_small_group_high_variance,normal,10,5;10;20,4.0;2.0;1.0,0.0,H0,20260827,100,0.23,0.06,0.0,,,,0.0,0.0,1.0,0.0,0.0,0.0,0.0,False,0.8678852480474208,1.7906517058351872,0.0,16.493081739082893,anova-v1-2026-08
normal_small_group_high_variance,normal,10,5;10;20,4.0;2.0;1.0,0.0,H0,20260828,100,0.28,0.04,0.0,,,,0.0,0.0,1.0,0.0,0.0,0.0,0.0,False,0.9951138281973102,2.002367523440021,0.0,13.067012085072781,anova-v1-2026-08
normal_small_group_high_variance,normal,10,5;10;20,4.0;2.0;1.0,0.0,H0,20260829,100,0.25,0.06,0.0,,,,0.0,0.0,1.0,0.0,0.0,0.0,0.0,False,0.9408373271918624,1.8789247366652022,0.0,14.603340023830443,anova-v1-2026-08
normal_small_group_high_variance,normal,10,5;10;20,4.0;2.0;1.0,0.8,H1,20260827,100,0.23,0.07,0.0,,,,0.0,0.0,1.0,0.0,0.0,0.0,0.0,False,0.8143656918613487,1.6474454842989759,0.0,13.870661916869839,anova-v1-2026-08
normal_small_group_high_variance,normal,10,5;10;20,4.0;2.0;1.0,0.8,H1,20260828,100,0.37,0.11,0.0,,,,0.0,0.0,1.0,0.0,0.0,0.0,0.0,False,0.8491330760249991,1.9210629196067104,0.0,13.67940462788629,anova-v1-2026-08
normal_small_group_high_variance,normal,10,5;10;20,4.0;2.0;1.0,0.8,H1,20260829,100,0.31,0.13,0.0,,,,0.0,0.0,1.0,0.0,0.0,0.0,0.0,False,0.8056061300825959,1.7995551246097974,0.0,14.070098506014386,anova-v1-2026-08
normal_small_group_high_variance,normal,25,12;25;50,4.0;2.0;1.0,0.0,H0,20260827,100,0.22,0.05,0.05,0.054945054945054944,,0.054945054945054944,0.0,0.91,0.09,0.91,0.0,0.0,0.0,False,0.648052371655417,0.9008079483996847,0.0,13.12870821870044,anova-v1-2026-08
normal_small_group_high_variance,normal,25,12;25;50,4.0;2.0;1.0,0.0,H0,20260828,100,0.28,0.06,0.06,0.06451612903225806,,0.06451612903225806,0.0,0.93,0.07,0.93,0.0,0.0,0.0,False,0.5662761814563919,1.000437145174391,0.0,13.731891212061267,anova-v1-2026-08
normal_small_group_high_variance,normal,25,12;25;50,4.0;2.0;1.0,0.0,H0,20260829,100,0.27,0.04,0.03,0.03225806451612903,,0.03225806451612903,0.0,0.93,0.07,0.93,0.0,0.0,0.0,False,0.5945238516807674,1.058752782307847,0.0,14.58613090713068,anova-v1-2026-08
normal_small_group_high_variance,normal,25,12;25;50,4.0;2.0;1.0,0.8,H1,20260827,100,0.36,0.19,0.18,0.20454545454545456,,0.20454545454545456,0.0,0.88,0.12,0.88,0.0,0.0,0.0,False,0.6345497970298544,0.9898217600346302,0.0,14.138002838028061,anova-v1-2026-08
normal_small_group_high_variance,normal,25,12;25;50,4.0;2.0;1.0,0.8,H1,20260828,100,0.38,0.15,0.13,0.14606741573033707,,0.14606741573033707,0.0,0.89,0.11,0.89,0.0,0.0,0.0,False,0.6439044369633253,1.0419970387678261,0.0,15.293888241404733,anova-v1-2026-08
normal_small_group_high_variance,normal,25,12;25;50,4.0;2.0;1.0,0.8,H1,20260829,100,0.39,0.23,0.23,0.25842696629213485,,0.25842696629213485,0.0,0.89,0.11,0.89,0.0,0.0,0.0,False,0.619990799821097,1.0466572832221153,0.0,14.509439790210063,anova-v1-2026-08
normal_small_group_high_variance,normal,60,30;60;120,4.0;2.0;1.0,0.0,H0,20260827,100,0.18,0.05,0.05,0.05,0.06060606060606061,0.029411764705882353,0.66,0.34,0.0,1.0,0.0,0.0,0.0,False,0.3963000383543487,0.7788260574674277,0.0,15.184883988809784,anova-v1-2026-08
normal_small_group_high_variance,normal,60,30;60;120,4.0;2.0;1.0,0.0,H0,20260828,100,0.27,0.06,0.06,0.06,0.06666666666666667,0.05,0.6,0.4,0.0,1.0,0.0,0.0,0.0,False,0.456945129887241,0.7118116076558785,0.0,14.836568634380399,anova-v1-2026-08
normal_small_group_high_variance,normal,60,30;60;120,4.0;2.0;1.0,0.0,H0,20260829,100,0.22,0.08,0.08,0.08,0.05970149253731343,0.12121212121212122,0.67,0.33,0.0,1.0,0.0,0.0,0.0,False,0.40439436008359997,0.6878863998666398,0.0,15.379077919051452,anova-v1-2026-08
normal_small_group_high_variance,normal,60,30;60;120,4.0;2.0;1.0,0.8,H1,20260827,100,0.53,0.28,0.28,0.2828282828282828,0.3225806451612903,0.21621621621621623,0.62,0.37,0.01,0.99,0.0,0.0,0.0,False,0.45003983943900694,0.7541166367176058,0.0,15.809998860713769,anova-v1-2026-08
normal_small_group_high_variance,normal,60,30;60;120,4.0;2.0;1.0,0.8,H1,20260828,100,0.57,0.33,0.33,0.33,0.32432432432432434,0.34615384615384615,0.74,0.26,0.0,1.0,0.0,0.0,0.0,False,0.39852966107395693,0.6510035531606206,0.0,14.946943682507158,anova-v1-2026-08
normal_small_group_high_variance,normal,60,30;60;120,4.0;2.0;1.0,0.8,H1,20260829,100,0.5,0.28,0.28,0.28,0.2807017543859649,0.27906976744186046,0.57,0.43,0.0,1.0,0.0,0.0,0.0,False,0.42120775684924217,0.7051133973843298,0.0,15.826855289992995,anova-v1-2026-08
normal_large_group_high_variance,normal,10,5;10;20,1.0;2.0;4.0,0.0,H0,20260827,100,0.01,0.07,0.0,,,,0.0,0.0,1.0,0.0,0.0,0.0,0.0,False,0.9086447854033828,2.028128886404132,0.0,16.43075366455979,anova-v1-2026-08
normal_large_group_high_variance,normal,10,5;10;20,1.0;2.0;4.0,0.0,H0,20260828,100,0.0,0.03,0.0,,,,0.0,0.0,1.0,0.0,0.0,0.0,0.0,False,0.9555619677463678,1.9784877932500242,0.0,16.382772386404916,anova-v1-2026-08
normal_large_group_high_variance,normal,10,5;10;20,1.0;2.0;4.0,0.0,H0,20260829,100,0.01,0.09,0.0,,,,0.0,0.0,1.0,0.0,0.0,0.0,0.0,False,0.8699138453587153,1.8879831946361876,0.0,17.08102628953791,anova-v1-2026-08
normal_large_group_high_variance,normal,10,5;10;20,1.0;2.0;4.0,0.8,H1,20260827,100,0.02,0.09,0.0,,,,0.0,0.0,1.0,0.0,0.0,0.0,0.0,False,0.9132426710636514,2.0467195622186294,0.0,18.892469510297566,anova-v1-2026-08
normal_large_group_high_variance,normal,10,5;10;20,1.0;2.0;4.0,0.8,H1,20260828,100,0.0,0.06,0.0,,,,0.0,0.0,1.0,0.0,0.0,0.0,0.0,False,0.9108495218898094,1.9302676829806753,0.0,19.68884119682788,anova-v1-2026-08
normal_large_group_high_variance,normal,10,5;10;20,1.0;2.0;4.0,0.8,H1,20260829,100,0.03,0.08,0.0,,,,0.0,0.0,1.0,0.0,0.0,0.0,0.0,False,0.9145004602615936,2.0582640297004113,0.0,21.073208027466876,anova-v1-2026-08
normal_large_group_high_variance,normal,25,12;25;50,1.0;2.0;4.0,0.0,H0,20260827,100,0.0,0.03,0.03,0.03409090909090909,,0.03409090909090909,0.0,0.88,0.12,0.88,0.0,0.0,0.0,False,0.6198971913540179,1.007617649458431,0.0,17.535765602796904,anova-v1-2026-08
normal_large_group_high_variance,normal,25,12;25;50,1.0;2.0;4.0,0.0,H0,20260828,100,0.0,0.01,0.01,0.011235955056179775,,0.011235955056179775,0.0,0.89,0.11,0.89,0.0,0.0,0.0,True,0.5721535950467793,1.0999378211219235,0.0,15.795249710881253,anova-v1-2026-08
normal_large_group_high_variance,normal,25,12;25;50,1.0;2.0;4.0,0.0,H0,20260829,100,0.02,0.03,0.03,0.033707865168539325,,0.033707865168539325,0.0,0.89,0.11,0.89,0.0,0.0,0.0,False,0.57206274770781,0.989282579507857,0.0,14.879065285143334,anova-v1-2026-08
normal_large_group_high_variance,normal,25,12;25;50,1.0;2.0;4.0,0.8,H1,20260827,100,0.03,0.22,0.21,0.23333333333333334,,0.23333333333333334,0.0,0.9,0.1,0.9,0.0,0.0,0.0,False,0.6480544192232003,1.0420399606038804,0.0,18.308845071960647,anova-v1-2026-08
normal_large_group_high_variance,normal,25,12;25;50,1.0;2.0;4.0,0.8,H1,20260828,100,0.05,0.23,0.21,0.2441860465116279,,0.2441860465116279,0.0,0.86,0.14,0.86,0.0,0.0,0.0,False,0.6026630607667773,1.011705291050859,0.0,16.161913181731343,anova-v1-2026-08
normal_large_group_high_variance,normal,25,12;25;50,1.0;2.0;4.0,0.8,H1,20260829,100,0.07,0.25,0.22,0.24175824175824176,,0.24175824175824176,0.0,0.91,0.09,0.91,0.0,0.0,0.0,False,0.5977270411941857,0.9936752849110599,0.0,17.22426495922563,anova-v1-2026-08
normal_large_group_high_variance,normal,60,30;60;120,1.0;2.0;4.0,0.0,H0,20260827,100,0.02,0.07,0.07,0.07,0.058823529411764705,0.09375,0.68,0.32,0.0,1.0,0.0,0.0,0.0,False,0.44579640216504435,0.6451692225330077,0.0,16.822298973546996,anova-v1-2026-08
normal_large_group_high_variance,normal,60,30;60;120,1.0;2.0;4.0,0.0,H0,20260828,100,0.01,0.07,0.07,0.07,0.08196721311475409,0.05128205128205128,0.61,0.39,0.0,1.0,0.0,0.0,0.61,False,0.38192432852536806,0.7600383713610186,0.0,17.11928223991071,anova-v1-2026-08
normal_large_group_high_variance,normal,60,30;60;120,1.0;2.0;4.0,0.0,H0,20260829,100,0.03,0.07,0.07,0.07,0.09259259259259259,0.043478260869565216,0.54,0.46,0.0,1.0,0.0,0.0,0.54,False,0.38817293873369496,0.7964005436509762,0.0,17.08182754052983,anova-v1-2026-08
normal_large_group_high_variance,normal,60,30;60;120,1.0;2.0;4.0,0.8,H1,20260827,100,0.1,0.4,0.4,0.4,0.3898305084745763,0.4146341463414634,0.59,0.41,0.0,1.0,0.0,0.0,0.0,False,0.42217252804846883,0.7153707174664461,0.0,17.693489452556257,anova-v1-2026-08
normal_large_group_high_variance,normal,60,30;60;120,1.0;2.0;4.0,0.8,H1,20260828,100,0.12,0.46,0.46,0.46,0.40625,0.5555555555555556,0.64,0.36,0.0,1.0,0.0,0.0,0.0,False,0.39787747737066337,0.7490758323112434,0.0,16.365144555066678,anova-v1-2026-08
normal_large_group_high_variance,normal,60,30;60;120,1.0;2.0;4.0,0.8,H1,20260829,100,0.06,0.36,0.36,0.36,0.3125,0.4444444444444444,0.64,0.36,0.0,1.0,0.0,0.0,0.0,False,0.36971126409326993,0.6696297529539903,0.0,15.959887408892454,anova-v1-2026-08
normal_equal_five_groups,normal,10,10;10;10;10;10,1.0;1.0;1.0;1.0;1.0,0.0,H0,20260827,100,0.05,0.06,0.05,0.078125,,0.078125,0.0,0.64,0.36,0.64,0.0,0.46,0.0,False,0.9850454555102846,1.651749420825038,0.1,2.8868985807174394,anova-v1-2026-08
normal_equal_five_groups,normal,10,10;10;10;10;10,1.0;1.0;1.0;1.0;1.0,0.0,H0,20260828,100,0.07,0.07,0.02,0.03389830508474576,,0.03389830508474576,0.0,0.59,0.41,0.59,0.0,0.49,0.0,False,1.092173366296742,1.7821268346377743,0.0,3.0015841206036367,anova-v1-2026-08
normal_equal_five_groups,normal,10,10;10;10;10;10,1.0;1.0;1.0;1.0;1.0,0.0,H0,20260829,100,0.08,0.08,0.05,0.08620689655172414,,0.08620689655172414,0.0,0.58,0.42,0.58,0.0,0.38,0.0,False,1.0366362260185413,1.6002421567049323,0.05,3.300029339312716,anova-v1-2026-08
normal_equal_five_groups,normal,10,10;10;10;10;10,1.0;1.0;1.0;1.0;1.0,0.8,H1,20260827,100,0.25,0.3,0.14,0.2413793103448276,,0.2413793103448276,0.0,0.58,0.42,0.58,0.0,0.42,0.0,False,1.0910334091782004,1.760384444578176,0.1,3.2534610494598173,anova-v1-2026-08
normal_equal_five_groups,normal,10,10;10;10;10;10,1.0;1.0;1.0;1.0;1.0,0.8,H1,20260828,100,0.28,0.25,0.12,0.19672131147540983,,0.19672131147540983,0.0,0.61,0.39,0.61,0.0,0.49,0.0,False,0.9833796287686649,1.7995142796166395,0.0,2.779630244520228,anova-v1-2026-08
normal_equal_five_groups,normal,10,10;10;10;10;10,1.0;1.0;1.0;1.0;1.0,0.8,H1,20260829,100,0.35,0.29,0.17,0.2982456140350877,,0.2982456140350877,0.0,0.57,0.43,0.57,0.0,0.44,0.0,False,1.0777571057754327,1.8621555658137863,0.0,3.3761266067036706,anova-v1-2026-08
normal_equal_five_groups,normal,25,25;25;25;25;25,1.0;1.0;1.0;1.0;1.0,0.0,H0,20260827,100,0.04,0.04,0.04,0.04081632653061224,0.057692307692307696,0.021739130434782608,0.52,0.46,0.02,0.98,0.0,0.93,0.0,False,0.6789144777038743,1.107859045070076,0.0,1.932791930203832,anova-v1-2026-08
normal_equal_five_groups,normal,25,25;25;25;25;25,1.0;1.0;1.0;1.0;1.0,0.0,H0,20260828,100,0.06,0.05,0.05,0.05102040816326531,0.075,0.034482758620689655,0.4,0.58,0.02,0.98,0.0,0.93,0.0,False,0.7284595976334038,1.233201609991109,0.0,1.8724452650698677,anova-v1-2026-08
normal_equal_five_groups,normal,25,25;25;25;25;25,1.0;1.0;1.0;1.0;1.0,0.0,H0,20260829,100,0.08,0.08,0.08,0.08163265306122448,0.0851063829787234,0.0784313725490196,0.47,0.51,0.02,0.98,0.0,0.95,0.47,False,0.6763684643310455,1.1365039287548129,0.0,2.0381323760223347,anova-v1-2026-08
normal_equal_five_groups,normal,25,25;25;25;25;25,1.0;1.0;1.0;1.0;1.0,0.8,H1,20260827,100,0.74,0.75,0.68,0.7391304347826086,0.7333333333333333,0.7446808510638298,0.45,0.47,0.08,0.92,0.0,0.86,0.0,False,0.7250652320586026,1.1454831931202127,0.0,1.9310054238711738,anova-v1-2026-08
normal_equal_five_groups,normal,25,25;25;25;25;25,1.0;1.0;1.0;1.0;1.0,0.8,H1,20260828,100,0.74,0.73,0.69,0.7263157894736842,0.7428571428571429,0.7166666666666667,0.35,0.6,0.05,0.95,0.0,0.92,0.0,False,0.7152417524147128,1.2209881782121967,0.0,1.848479987368063,anova-v1-2026-08
normal_equal_five_groups,normal,25,25;25;25;25;25,1.0;1.0;1.0;1.0;1.0,0.8,H1,20260829,100,0.74,0.72,0.69,0.71875,0.6363636363636364,0.7884615384615384,0.44,0.52,0.04,0.96,0.0,0.93,0.0,False,0.6853205385851528,1.180041930758497,0.0,1.917485387700482,anova-v1-2026-08
normal_equal_five_groups,normal,60,60;60;60;60;60,1.0;1.0;1.0;1.0;1.0,0.0,H0,20260827,100,0.06,0.07,0.07,0.07,0.06976744186046512,0.07017543859649122,0.43,0.57,0.0,1.0,0.0,0.95,0.0,False,0.46750113673418225,0.8478504091046255,0.0,1.5454730445556684,anova-v1-2026-08
normal_equal_five_groups,normal,60,60;60;60;60;60,1.0;1.0;1.0;1.0;1.0,0.0,H0,20260828,100,0.02,0.01,0.01,0.01,0.0,0.02631578947368421,0.62,0.38,0.0,1.0,0.0,0.92,0.62,True,0.44601348764381643,0.7675095051349585,0.0,1.544368521291286,anova-v1-2026-08
normal_equal_five_groups,normal,60,60;60;60;60;60,1.0;1.0;1.0;1.0;1.0,0.0,H0,20260829,100,0.07,0.06,0.06,0.06,0.04081632653061224,0.0784313725490196,0.49,0.51,0.0,1.0,0.0,0.96,0.0,False,0.42304070992592446,0.8048082718325265,0.0,1.5115850654181306,anova-v1-2026-08
normal_equal_five_groups,normal,60,60;60;60;60;60,1.0;1.0;1.0;1.0;1.0,0.8,H1,20260827,100,0.94,0.95,0.95,0.95,0.9375,0.9615384615384616,0.48,0.52,0.0,1.0,0.0,0.94,0.0,False,0.4739938120893953,0.8385862600759701,0.0,1.4974909325500194,anova-v1-2026-08
normal_equal_five_groups,normal,60,60;60;60;60;60,1.0;1.0;1.0;1.0;1.0,0.8,H1,20260828,100,1.0,1.0,1.0,1.0,1.0,1.0,0.55,0.45,0.0,1.0,0.0,0.95,0.0,False,0.4659906240083348,0.7958834952211282,0.0,1.5207097618645198,anova-v1-2026-08
normal_equal_five_groups,normal,60,60;60;60;60;60,1.0;1.0;1.0;1.0;1.0,0.8,H1,20260829,100,0.99,0.99,0.99,0.99,0.9772727272727273,1.0,0.44,0.56,0.0,1.0,0.0,0.97,0.0,False,0.4775707039467658,0.8232938446996778,0.0,1.5361244274617154,anova-v1-2026-08
gamma_moderate,gamma,10,10;10;10,1.0;1.0;1.0,0.0,H0,20260827,100,0.0,0.01,0.01,0.018867924528301886,,0.018867924528301886,0.0,0.53,0.47,0.53,0.0,0.41,0.0,True,1.1904349915210373,1.6193038047005768,0.0,2.6758347208529507,anova-v1-2026-08
gamma_moderate,gamma,10,10;10;10,1.0;1.0;1.0,0.0,H0,20260828,100,0.01,0.02,0.01,0.017857142857142856,,0.017857142857142856,0.0,0.56,0.44,0.56,0.0,0.49,0.0,True,1.1788773939224284,1.6479729730212678,0.0,2.3280657974607273,anova-v1-2026-08
gamma_moderate,gamma,10,10;10;10,1.0;1.0;1.0,0.0,H0,20260829,100,0.05,0.05,0.04,0.07142857142857142,,0.07142857142857142,0.0,0.56,0.44,0.56,0.0,0.47,0.0,False,1.076319625066908,1.6142343455667483,0.0,2.639851737110212,anova-v1-2026-08
gamma_moderate,gamma,10,10;10;10,1.0;1.0;1.0,0.8,H1,20260827,100,0.28,0.31,0.14,0.28,,0.28,0.0,0.5,0.5,0.5,0.0,0.37,0.0,False,1.1619617550226802,1.7413285080438388,0.0,2.82757854358048,anova-v1-2026-08
gamma_moderate,gamma,10,10;10;10,1.0;1.0;1.0,0.8,H1,20260828,100,0.38,0.37,0.19,0.37254901960784315,,0.37254901960784315,0.0,0.51,0.49,0.51,0.0,0.43,0.0,False,1.1204059078630841,1.6479172038215677,0.05,2.336600085445152,anova-v1-2026-08
gamma_moderate,gamma,10,10;10;10,1.0;1.0;1.0,0.8,H1,20260829,100,0.31,0.3,0.18,0.3157894736842105,,0.3157894736842105,0.0,0.57,0.43,0.57,0.0,0.49,0.0,False,1.1251093092579434,1.8342871142550639,0.0,2.56959287653768,anova-v1-2026-08
gamma_moderate,gamma,25,25;25;25,1.0;1.0;1.0,0.0,H0,20260827,100,0.03,0.04,0.04,0.0449438202247191,0.25,0.024691358024691357,0.08,0.81,0.11,0.89,0.0,0.81,0.08,False,1.1661503236027972,1.5309193519288935,0.04,1.8810644013123443,anova-v1-2026-08
gamma_moderate,gamma,25,25;25;25,1.0;1.0;1.0,0.0,H0,20260828,100,0.01,0.02,0.02,0.02666666666666667,0.125,0.014925373134328358,0.08,0.67,0.25,0.75,0.0,0.71,0.08,False,1.397605227605991,2.4108313168400155,0.04,1.8678430017973848,anova-v1-2026-08
gamma_moderate,gamma,25,25;25;25,1.0;1.0;1.0,0.0,H0,20260829,100,0.03,0.03,0.03,0.03488372093023256,0.08333333333333333,0.02702702702702703,0.12,0.74,0.14,0.86,0.0,0.83,0.12,False,1.0933174401465906,1.360053852095839,0.04,1.6942024834041214,anova-v1-2026-08
gamma_moderate,gamma,25,25;25;25,1.0;1.0;1.0,0.8,H1,20260827,100,0.71,0.7,0.6,0.7142857142857143,0.8571428571428571,0.7012987012987013,0.07,0.77,0.16,0.84,0.0,0.77,0.0,False,1.2091197336168273,1.910181748979681,0.04,1.9275922342663794,anova-v1-2026-08
gamma_moderate,gamma,25,25;25;25,1.0;1.0;1.0,0.8,H1,20260828,100,0.69,0.67,0.59,0.7023809523809523,0.625,0.7105263157894737,0.08,0.76,0.16,0.84,0.0,0.78,0.0,False,1.2639979196009268,1.9702663904449547,0.04,1.7313126788729738,anova-v1-2026-08
gamma_moderate,gamma,25,25;25;25,1.0;1.0;1.0,0.8,H1,20260829,100,0.78,0.75,0.63,0.7411764705882353,0.875,0.7272727272727273,0.08,0.77,0.15,0.85,0.0,0.81,0.0,False,1.1711691857642097,1.6517164410674292,0.04,1.7577940995149952,anova-v1-2026-08
gamma_moderate,gamma,60,60;60;60,1.0;1.0;1.0,0.0,H0,20260827,100,0.08,0.09,0.09,0.09090909090909091,0.0,0.09183673469387756,0.01,0.98,0.01,0.99,0.0,0.95,0.01,False,1.1468967069667366,1.7135637098841654,0.016666666666666666,1.4833358246564763,anova-v1-2026-08
gamma_moderate,gamma,60,60;60;60,1.0;1.0;1.0,0.0,H0,20260828,100,0.05,0.05,0.05,0.050505050505050504,,0.050505050505050504,0.0,0.99,0.01,0.99,0.0,0.95,0.0,False,1.2584736923400128,2.3054229382926996,0.016666666666666666,1.459273126007782,anova-v1-2026-08
gamma_moderate,gamma,60,60;60;60,1.0;1.0;1.0,0.0,H0,20260829,100,0.03,0.03,0.03,0.030612244897959183,,0.030612244897959183,0.0,0.98,0.02,0.98,0.0,0.96,0.0,False,1.1932124580798251,2.094722942871556,0.016666666666666666,1.4772929857268724,anova-v1-2026-08
gamma_moderate,gamma,60,60;60;60,1.0;1.0;1.0,0.8,H1,20260827,100,0.97,0.98,0.98,0.98,,0.98,0.0,1.0,0.0,1.0,0.0,0.93,0.0,False,1.1896870671337736,1.7929173723606473,0.016666666666666666,1.532349989611031,anova-v1-2026-08
gamma_moderate,gamma,60,60;60;60,1.0;1.0;1.0,0.8,H1,20260828,100,0.95,0.93,0.9,0.9278350515463918,,0.9278350515463918,0.0,0.97,0.03,0.97,0.0,0.92,0.0,False,1.2499366776072303,2.0906952739470395,0.016666666666666666,1.491209261484327,anova-v1-2026-08
gamma_moderate,gamma,60,60;60;60,1.0;1.0;1.0,0.8,H1,20260829,100,0.96,0.96,0.95,0.9693877551020408,,0.9693877551020408,0.0,0.98,0.02,0.98,0.0,0.91,0.0,False,1.1406557197667135,2.014796319324089,0.016666666666666666,1.398190692505076,anova-v1-2026-08
exponential_severe,gamma,10,10;10;10,1.0;1.0;1.0,0.0,H0,20260827,100,0.01,0.05,0.02,0.10526315789473684,,0.10526315789473684,0.0,0.19,0.81,0.19,0.0,0.11,0.0,False,1.9312413444678889,4.1426669400379215,0.1,3.9572874674805343,anova-v1-2026-08
exponential_severe,gamma,10,10;10;10,1.0;1.0;1.0,0.0,H0,20260828,100,0.04,0.03,0.02,0.09523809523809523,,0.09523809523809523,0.0,0.21,0.79,0.21,0.0,0.15,0.0,False,1.568765513300061,2.4565452695582364,0.1,3.7860448913809446,anova-v1-2026-08
exponential_severe,gamma,10,10;10;10,1.0;1.0;1.0,0.0,H0,20260829,100,0.02,0.04,0.0,0.0,,0.0,0.0,0.14,0.86,0.14,0.0,0.1,0.0,False,1.807893219575268,3.701291571881007,0.1,2.8963149439140605,anova-v1-2026-08
exponential_severe,gamma,10,10;10;10,1.0;1.0;1.0,0.8,H1,20260827,100,0.4,0.42,0.08,0.47058823529411764,,0.47058823529411764,0.0,0.17,0.83,0.17,0.0,0.1,0.0,False,1.8249885353012116,3.3917513402937343,0.1,4.553495415828561,anova-v1-2026-08
exponential_severe,gamma,10,10;10;10,1.0;1.0;1.0,0.8,H1,20260828,100,0.41,0.42,0.05,0.45454545454545453,,0.45454545454545453,0.0,0.11,0.89,0.11,0.0,0.06,0.0,False,1.6267099599202677,3.010284912721478,0.1,3.160647314470202,anova-v1-2026-08
exponential_severe,gamma,10,10;10;10,1.0;1.0;1.0,0.8,H1,20260829,100,0.4,0.38,0.09,0.4090909090909091,,0.4090909090909091,0.0,0.22,0.78,0.22,0.0,0.15,0.0,False,1.7112957744862791,2.908126684378576,0.1,3.486906485168137,anova-v1-2026-08
exponential_severe,gamma,25,25;25;25,1.0;1.0;1.0,0.0,H0,20260827,100,0.07,0.09,0.02,0.11764705882352941,,0.11764705882352941,0.0,0.17,0.83,0.17,0.0,0.14,0.0,False,2.0271510885703843,5.020634398326649,0.08,2.284530734476698,anova-v1-2026-08
exponential_severe,gamma,25,25;25;25,1.0;1.0;1.0,0.0,H0,20260828,100,0.03,0.02,0.01,0.047619047619047616,,0.047619047619047616,0.0,0.21,0.79,0.21,0.0,0.19,0.0,False,2.018170232146696,4.70385937125655,0.08,2.2647947014417644,anova-v1-2026-08
exponential_severe,gamma,25,25;25;25,1.0;1.0;1.0,0.0,H0,20260829,100,0.03,0.02,0.01,0.038461538461538464,,0.038461538461538464,0.0,0.26,0.74,0.26,0.0,0.24,0.0,False,1.9219225373853486,3.963801717809427,0.08,2.365558460617487,anova-v1-2026-08
exponential_severe,gamma,25,25;25;25,1.0;1.0;1.0,0.8,H1,20260827,100,0.7,0.71,0.18,0.8571428571428571,,0.8571428571428571,0.0,0.21,0.79,0.21,0.0,0.21,0.0,False,2.110304745709161,5.330294570517896,0.08,2.2073707808801073,anova-v1-2026-08
exponential_severe,gamma,25,25;25;25,1.0;1.0;1.0,0.8,H1,20260828,100,0.75,0.76,0.19,0.9047619047619048,,0.9047619047619048,0.0,0.21,0.79,0.21,0.0,0.2,0.0,False,2.111229926712765,5.259706607535344,0.08,2.195070201579816,anova-v1-2026-08
exponential_severe,gamma,25,25;25;25,1.0;1.0;1.0,0.8,H1,20260829,100,0.75,0.72,0.17,0.7391304347826086,,0.7391304347826086,0.0,0.23,0.77,0.23,0.0,0.18,0.0,False,1.948698969516439,4.452571028704078,0.08,2.4694932760041084,anova-v1-2026-08
exponential_severe,gamma,60,60;60;60,1.0;1.0;1.0,0.0,H0,20260827,100,0.07,0.04,0.04,0.06779661016949153,,0.06779661016949153,0.0,0.59,0.41,0.59,0.0,0.49,0.0,False,2.261498521134069,6.339526588401564,0.08333333333333333,1.8909614556267584,anova-v1-2026-08
exponential_severe,gamma,60,60;60;60,1.0;1.0;1.0,0.0,H0,20260828,100,0.03,0.02,0.01,0.017241379310344827,,0.017241379310344827,0.0,0.58,0.42,0.58,0.0,0.53,0.0,True,2.188414401806971,5.783545454813615,0.06666666666666667,1.6853438141600752,anova-v1-2026-08
exponential_severe,gamma,60,60;60;60,1.0;1.0;1.0,0.0,H0,20260829,100,0.02,0.02,0.0,0.0,,0.0,0.0,0.58,0.42,0.58,0.0,0.55,0.0,True,2.0989353382968305,5.4286210313564425,0.06666666666666667,1.7458519099079375,anova-v1-2026-08
exponential_severe,gamma,60,60;60;60,1.0;1.0;1.0,0.8,H1,20260827,100,0.97,0.98,0.54,0.9818181818181818,,0.9818181818181818,0.0,0.55,0.45,0.55,0.0,0.45,0.0,False,2.205118755095654,6.788306831158786,0.06666666666666667,1.8079347292321934,anova-v1-2026-08
exponential_severe,gamma,60,60;60;60,1.0;1.0;1.0,0.8,H1,20260828,100,0.99,1.0,0.54,1.0,,1.0,0.0,0.54,0.46,0.54,0.0,0.51,0.0,False,2.1438388192309143,5.822824741208443,0.06666666666666667,1.6795859645044118,anova-v1-2026-08
exponential_severe,gamma,60,60;60;60,1.0;1.0;1.0,0.8,H1,20260829,100,0.97,0.97,0.51,0.9622641509433962,,0.9622641509433962,0.0,0.53,0.47,0.53,0.0,0.5,0.0,False,2.1939578668522906,6.178018212365511,0.06666666666666667,1.7810104525409354,anova-v1-2026-08
lognormal_moderate,lognormal,10,10;10;10,1.0;1.0;1.0,0.0,H0,20260827,100,0.06,0.05,0.04,0.13333333333333333,,0.13333333333333333,0.0,0.3,0.7,0.3,0.0,0.18,0.0,False,1.5949061016572361,2.831910920046554,0.1,2.9186875435275406,anova-v1-2026-08
lognormal_moderate,lognormal,10,10;10;10,1.0;1.0;1.0,0.0,H0,20260828,100,0.05,0.06,0.02,0.06896551724137931,,0.06896551724137931,0.0,0.29,0.71,0.29,0.0,0.24,0.0,False,1.464764820497058,2.339407427613177,0.1,2.8533660064351385,anova-v1-2026-08
lognormal_moderate,lognormal,10,10;10;10,1.0;1.0;1.0,0.0,H0,20260829,100,0.02,0.02,0.01,0.03225806451612903,,0.03225806451612903,0.0,0.31,0.69,0.31,0.0,0.22,0.0,False,1.4459097956798632,2.3866609282841424,0.1,3.1069906390202586,anova-v1-2026-08
lognormal_moderate,lognormal,10,10;10;10,1.0;1.0;1.0,0.8,H1,20260827,100,0.39,0.43,0.19,0.5277777777777778,,0.5277777777777778,0.0,0.36,0.64,0.36,0.0,0.23,0.0,False,1.3857527445248277,2.432156701670623,0.1,2.9410240195269166,anova-v1-2026-08
lognormal_moderate,lognormal,10,10;10;10,1.0;1.0;1.0,0.8,H1,20260828,100,0.3,0.33,0.11,0.3055555555555556,,0.3055555555555556,0.0,0.36,0.64,0.36,0.0,0.31,0.0,False,1.4073774433989503,2.293212848940888,0.1,2.7657877747216855,anova-v1-2026-08
lognormal_moderate,lognormal,10,10;10;10,1.0;1.0;1.0,0.8,H1,20260829,100,0.38,0.37,0.16,0.45714285714285713,,0.45714285714285713,0.0,0.35,0.65,0.35,0.0,0.27,0.0,False,1.5336517782287427,2.9438091093715157,0.1,3.2066377105732036,anova-v1-2026-08
lognormal_moderate,lognormal,25,25;25;25,1.0;1.0;1.0,0.0,H0,20260827,100,0.06,0.07,0.03,0.05172413793103448,0.0,0.05263157894736842,0.01,0.57,0.42,0.58,0.0,0.56,0.01,False,1.5404967056778598,2.518807428388925,0.04,2.1202850524327075,anova-v1-2026-08
lognormal_moderate,lognormal,25,25;25;25,1.0;1.0;1.0,0.0,H0,20260828,100,0.03,0.02,0.01,0.021739130434782608,0.0,0.022727272727272728,0.02,0.44,0.54,0.46,0.0,0.43,0.02,True,1.6208502655489816,3.046833559735995,0.08,2.115629000970383,anova-v1-2026-08
lognormal_moderate,lognormal,25,25;25;25,1.0;1.0;1.0,0.0,H0,20260829,100,0.04,0.06,0.04,0.08,,0.08,0.0,0.5,0.5,0.5,0.0,0.47,0.0,False,1.713001375164311,3.6172571187502283,0.04,2.137792885102234,anova-v1-2026-08
lognormal_moderate,lognormal,25,25;25;25,1.0;1.0;1.0,0.8,H1,20260827,100,0.71,0.72,0.35,0.8333333333333334,,0.8333333333333334,0.0,0.42,0.58,0.42,0.0,0.38,0.0,False,1.753911464628033,3.5833373129346797,0.04,2.0893427735096175,anova-v1-2026-08
lognormal_moderate,lognormal,25,25;25;25,1.0;1.0;1.0,0.8,H1,20260828,100,0.68,0.69,0.37,0.6607142857142857,1.0,0.6545454545454545,0.01,0.55,0.44,0.56,0.0,0.48,0.0,False,1.6405018358366328,3.353548770587959,0.04,2.2619613739271163,anova-v1-2026-08
lognormal_moderate,lognormal,25,25;25;25,1.0;1.0;1.0,0.8,H1,20260829,100,0.73,0.67,0.33,0.6875,1.0,0.6808510638297872,0.01,0.47,0.52,0.48,0.0,0.42,0.0,False,1.6714546727506598,3.1529220134138067,0.04,2.07777884812912,anova-v1-2026-08
lognormal_moderate,lognormal,60,60;60;60,1.0;1.0;1.0,0.0,H0,20260827,100,0.05,0.06,0.06,0.07407407407407407,,0.07407407407407407,0.0,0.81,0.19,0.81,0.0,0.7,0.0,False,1.8884856292172538,4.951330453842084,0.03333333333333333,1.691243511216904,anova-v1-2026-08
lognormal_moderate,lognormal,60,60;60;60,1.0;1.0;1.0,0.0,H0,20260828,100,0.05,0.04,0.04,0.05194805194805195,,0.05194805194805195,0.0,0.77,0.23,0.77,0.0,0.76,0.0,False,1.861195328797923,5.096542312476128,0.04166666666666667,1.6987584698423128,anova-v1-2026-08
lognormal_moderate,lognormal,60,60;60;60,1.0;1.0;1.0,0.0,H0,20260829,100,0.03,0.03,0.02,0.02564102564102564,,0.02564102564102564,0.0,0.78,0.22,0.78,0.0,0.73,0.0,False,1.9248249125488168,5.041181171396735,0.05,1.677304185077098,anova-v1-2026-08
lognormal_moderate,lognormal,60,60;60;60,1.0;1.0;1.0,0.8,H1,20260827,100,0.96,0.96,0.83,0.9764705882352941,,0.9764705882352941,0.0,0.85,0.15,0.85,0.0,0.8,0.0,False,1.686098909532734,4.197446008990404,0.05,1.572943074408581,anova-v1-2026-08
lognormal_moderate,lognormal,60,60;60;60,1.0;1.0;1.0,0.8,H1,20260828,100,0.99,0.99,0.8,1.0,,1.0,0.0,0.8,0.2,0.8,0.0,0.73,0.0,False,1.8813810489870284,5.1595172795867,0.05,1.726253426496302,anova-v1-2026-08
lognormal_moderate,lognormal,60,60;60;60,1.0;1.0;1.0,0.8,H1,20260829,100,0.94,0.94,0.76,0.9382716049382716,,0.9382716049382716,0.0,0.81,0.19,0.81,0.0,0.75,0.0,False,1.7999184151084027,4.853720565677176,0.05,1.635727116959801,anova-v1-2026-08
lognormal_severe,lognormal,10,10;10;10,1.0;1.0;1.0,0.0,H0,20260827,100,0.06,0.07,0.01,0.2,,0.2,0.0,0.05,0.95,0.05,0.0,0.01,0.0,False,2.574856978052999,7.121194172169148,0.2,11.103921770933827,anova-v1-2026-08
lognormal_severe,lognormal,10,10;10;10,1.0;1.0;1.0,0.0,H0,20260828,100,0.01,0.06,0.0,0.0,,0.0,0.0,0.03,0.97,0.03,0.0,0.0,0.0,False,2.461377527188258,6.382028035310348,0.2,9.183302126183637,anova-v1-2026-08
lognormal_severe,lognormal,10,10;10;10,1.0;1.0;1.0,0.0,H0,20260829,100,0.01,0.03,0.0,0.0,,0.0,0.0,0.02,0.98,0.02,0.0,0.02,0.0,False,2.403111303280241,6.142739356508569,0.2,7.318838273134771,anova-v1-2026-08
lognormal_severe,lognormal,10,10;10;10,1.0;1.0;1.0,0.8,H1,20260827,100,0.56,0.63,0.04,1.0,,1.0,0.0,0.04,0.96,0.04,0.0,0.03,0.0,False,2.717002609783991,7.850725286018445,0.2,8.688596558186251,anova-v1-2026-08
lognormal_severe,lognormal,10,10;10;10,1.0;1.0;1.0,0.8,H1,20260828,100,0.57,0.65,0.0,,,,0.0,0.0,1.0,0.0,0.0,0.0,0.0,False,2.402034085719164,6.132216184993305,0.2,12.080553059174058,anova-v1-2026-08
lognormal_severe,lognormal,10,10;10;10,1.0;1.0;1.0,0.8,H1,20260829,100,0.59,0.73,0.03,1.0,,1.0,0.0,0.03,0.97,0.03,0.0,0.01,0.0,False,2.2861875778419973,5.708436861369325,0.2,6.9272043355190664,anova-v1-2026-08
lognormal_severe,lognormal,25,25;25;25,1.0;1.0;1.0,0.0,H0,20260827,100,0.02,0.03,0.0,,,,0.0,0.0,1.0,0.0,0.0,0.0,0.0,False,3.236985647252136,11.77506748716282,0.16,6.505173815609954,anova-v1-2026-08
lognormal_severe,lognormal,25,25;25;25,1.0;1.0;1.0,0.0,H0,20260828,100,0.03,0.09,0.01,0.5,,0.5,0.0,0.02,0.98,0.02,0.0,0.01,0.0,False,3.447310796812226,13.443748677189602,0.16,7.178160186214718,anova-v1-2026-08
lognormal_severe,lognormal,25,25;25;25,1.0;1.0;1.0,0.0,H0,20260829,100,0.06,0.06,0.0,,,,0.0,0.0,1.0,0.0,0.0,0.0,0.0,False,3.2730391687270757,12.679365042987161,0.16,4.16316574892863,anova-v1-2026-08
lognormal_severe,lognormal,25,25;25;25,1.0;1.0;1.0,0.8,H1,20260827,100,0.76,0.88,0.0,,,,0.0,0.0,1.0,0.0,0.0,0.0,0.0,False,3.2158804044098854,11.988512390618709,0.16,5.046385417051592,anova-v1-2026-08
lognormal_severe,lognormal,25,25;25;25,1.0;1.0;1.0,0.8,H1,20260828,100,0.83,0.9,0.0,,,,0.0,0.0,1.0,0.0,0.0,0.0,0.0,False,3.460351902257284,13.239795473473626,0.16,5.058053511950106,anova-v1-2026-08
lognormal_severe,lognormal,25,25;25;25,1.0;1.0;1.0,0.8,H1,20260829,100,0.79,0.88,0.0,,,,0.0,0.0,1.0,0.0,0.0,0.0,0.0,False,3.1889108835297475,11.867385902942512,0.16,4.701955026577103,anova-v1-2026-08
lognormal_severe,lognormal,60,60;60;60,1.0;1.0;1.0,0.0,H0,20260827,100,0.06,0.06,0.0,0.0,,0.0,0.0,0.01,0.99,0.01,0.0,0.01,0.0,False,4.393704296110432,23.27085831350935,0.13333333333333333,3.6993778204483228,anova-v1-2026-08
lognormal_severe,lognormal,60,60;60;60,1.0;1.0;1.0,0.0,H0,20260828,100,0.03,0.06,0.0,0.0,,0.0,0.0,0.01,0.99,0.01,0.0,0.01,0.0,False,4.272769155095891,22.74929417960513,0.13333333333333333,2.972093586993345,anova-v1-2026-08
lognormal_severe,lognormal,60,60;60;60,1.0;1.0;1.0,0.0,H0,20260829,100,0.04,0.07,0.0,,,,0.0,0.0,1.0,0.0,0.0,0.0,0.0,False,4.353811672966017,22.930039165626916,0.13333333333333333,3.9495366921607076,anova-v1-2026-08
lognormal_severe,lognormal,60,60;60;60,1.0;1.0;1.0,0.8,H1,20260827,100,0.98,0.99,0.0,,,,0.0,0.0,1.0,0.0,0.0,0.0,0.0,False,4.245263973519673,21.708634666191102,0.13333333333333333,3.3926733068476125,anova-v1-2026-08
lognormal_severe,lognormal,60,60;60;60,1.0;1.0;1.0,0.8,H1,20260828,100,0.95,0.96,0.0,,,,0.0,0.0,1.0,0.0,0.0,0.0,0.0,False,4.1620363986668565,20.594880317943954,0.13333333333333333,3.288152424686845,anova-v1-2026-08
lognormal_severe,lognormal,60,60;60;60,1.0;1.0;1.0,0.8,H1,20260829,100,0.97,1.0,0.0,,,,0.0,0.0,1.0,0.0,0.0,0.0,0.0,False,4.124407470248574,21.05370089558508,0.13333333333333333,3.3112486201455127,anova-v1-2026-08
student_t_df3,student_t,10,10;10;10,1.0;1.0;1.0,0.0,H0,20260827,100,0.06,0.03,0.0,0.0,,0.0,0.0,0.31,0.69,0.31,0.0,0.24,0.0,True,1.4339367165021977,2.7736893959003655,0.1,3.2229704838263205,anova-v1-2026-08
student_t_df3,student_t,10,10;10;10,1.0;1.0;1.0,0.0,H0,20260828,100,0.04,0.03,0.02,0.05,,0.05,0.0,0.4,0.6,0.4,0.0,0.25,0.0,False,1.3349421319455894,2.6768938378099403,0.1,3.6346149368591965,anova-v1-2026-08
student_t_df3,student_t,10,10;10;10,1.0;1.0;1.0,0.0,H0,20260829,100,0.01,0.02,0.01,0.025,,0.025,0.0,0.4,0.6,0.4,0.0,0.28,0.0,False,1.3829758119336408,2.662424821348396,0.1,3.29224564746771,anova-v1-2026-08
student_t_df3,student_t,10,10;10;10,1.0;1.0;1.0,0.8,H1,20260827,100,0.41,0.45,0.23,0.5227272727272727,,0.5227272727272727,0.0,0.44,0.56,0.44,0.0,0.28,0.0,False,1.3314466359431885,2.4260532978615355,0.1,3.842486537571937,anova-v1-2026-08
student_t_df3,student_t,10,10;10;10,1.0;1.0;1.0,0.8,H1,20260828,100,0.4,0.36,0.23,0.5,,0.5,0.0,0.46,0.54,0.46,0.0,0.34,0.0,False,1.2017287043902076,1.9550387908115816,0.1,3.1221345154710995,anova-v1-2026-08
student_t_df3,student_t,10,10;10;10,1.0;1.0;1.0,0.8,H1,20260829,100,0.4,0.46,0.19,0.5,,0.5,0.0,0.38,0.62,0.38,0.0,0.24,0.0,False,1.3659888913271934,2.721323310466218,0.1,3.248308627700574,anova-v1-2026-08
student_t_df3,student_t,25,25;25;25,1.0;1.0;1.0,0.0,H0,20260827,100,0.06,0.05,0.03,0.06521739130434782,0.1,0.05555555555555555,0.1,0.36,0.54,0.46,0.0,0.41,0.1,False,1.4919218221653772,4.551121643223709,0.08,2.2800847309114864,anova-v1-2026-08
student_t_df3,student_t,25,25;25;25,1.0;1.0;1.0,0.0,H0,20260828,100,0.02,0.03,0.03,0.05555555555555555,0.0,0.06,0.04,0.5,0.46,0.54,0.0,0.45,0.04,False,1.4213191634416908,4.284960949953335,0.08,2.469978460012528,anova-v1-2026-08
student_t_df3,student_t,25,25;25;25,1.0;1.0;1.0,0.0,H0,20260829,100,0.02,0.01,0.0,0.0,0.0,0.0,0.1,0.41,0.49,0.51,0.0,0.47,0.1,True,1.2975666522702276,3.5895163652578397,0.04,2.258229155613207,anova-v1-2026-08
student_t_df3,student_t,25,25;25;25,1.0;1.0;1.0,0.8,H1,20260827,100,0.82,0.84,0.4,0.9523809523809523,0.8571428571428571,0.9714285714285714,0.07,0.35,0.58,0.42,0.0,0.41,0.0,False,1.6036240900908156,5.103655638008043,0.04,2.3515390276190917,anova-v1-2026-08
student_t_df3,student_t,25,25;25;25,1.0;1.0;1.0,0.8,H1,20260828,100,0.74,0.75,0.43,0.8958333333333334,0.875,0.9,0.08,0.4,0.52,0.48,0.0,0.44,0.0,False,1.5363390980668692,5.664000187892208,0.04,2.598485334322786,anova-v1-2026-08
student_t_df3,student_t,25,25;25;25,1.0;1.0;1.0,0.8,H1,20260829,100,0.78,0.83,0.44,0.8979591836734694,1.0,0.875,0.09,0.4,0.51,0.49,0.0,0.46,0.0,False,1.4409073077849555,4.957976865059118,0.04,2.246660238916986,anova-v1-2026-08
student_t_df3,student_t,60,60;60;60,1.0;1.0;1.0,0.0,H0,20260827,100,0.05,0.04,0.02,0.04081632653061224,0.0,0.041666666666666664,0.01,0.48,0.51,0.49,0.0,0.43,0.01,False,1.9305669452639038,9.581465199660048,0.05,1.958474530899247,anova-v1-2026-08
student_t_df3,student_t,60,60;60;60,1.0;1.0;1.0,0.0,H0,20260828,100,0.06,0.08,0.05,0.07936507936507936,,0.07936507936507936,0.0,0.63,0.37,0.63,0.0,0.6,0.0,False,1.451869329490603,6.975449842997911,0.05,1.847212583302702,anova-v1-2026-08
student_t_df3,student_t,60,60;60;60,1.0;1.0;1.0,0.0,H0,20260829,100,0.03,0.06,0.01,0.01694915254237288,,0.01694915254237288,0.0,0.59,0.41,0.59,0.0,0.56,0.0,True,1.463468459106217,7.18736345759613,0.05,1.8621168235041998,anova-v1-2026-08
student_t_df3,student_t,60,60;60;60,1.0;1.0;1.0,0.8,H1,20260827,100,0.98,0.98,0.57,0.9827586206896551,,0.9827586206896551,0.0,0.58,0.42,0.58,0.0,0.52,0.0,False,1.5989854678498663,7.931292050170468,0.05,1.9521338846316976,anova-v1-2026-08
student_t_df3,student_t,60,60;60;60,1.0;1.0;1.0,0.8,H1,20260828,100,0.96,0.96,0.57,0.95,1.0,0.9491525423728814,0.01,0.59,0.4,0.6,0.0,0.53,0.0,False,1.674591543902975,6.673775391749486,0.05,1.8891048673179087,anova-v1-2026-08
student_t_df3,student_t,60,60;60;60,1.0;1.0;1.0,0.8,H1,20260829,100,0.97,0.97,0.54,0.9818181818181818,,0.9818181818181818,0.0,0.55,0.45,0.55,0.0,0.54,0.0,False,1.4984502109034628,7.25777924129806,0.05,2.0030328251405805,anova-v1-2026-08
laplace,laplace,10,10;10;10,1.0;1.0;1.0,0.0,H0,20260827,100,0.07,0.06,0.03,0.058823529411764705,,0.058823529411764705,0.0,0.51,0.49,0.51,0.0,0.33,0.0,False,1.1458770859886813,2.069668608029348,0.1,3.0043016415091386,anova-v1-2026-08
laplace,laplace,10,10;10;10,1.0;1.0;1.0,0.0,H0,20260828,100,0.03,0.04,0.03,0.09090909090909091,,0.09090909090909091,0.0,0.33,0.67,0.33,0.0,0.22,0.0,False,1.3157130114869666,2.6212691823958343,0.1,3.0515788880720502,anova-v1-2026-08
laplace,laplace,10,10;10;10,1.0;1.0;1.0,0.0,H0,20260829,100,0.08,0.04,0.02,0.05128205128205128,,0.05128205128205128,0.0,0.39,0.61,0.39,0.0,0.23,0.0,False,1.286741062088392,2.6618145702460296,0.1,3.3146976603257596,anova-v1-2026-08
laplace,laplace,10,10;10;10,1.0;1.0;1.0,0.8,H1,20260827,100,0.31,0.27,0.08,0.22857142857142856,,0.22857142857142856,0.0,0.35,0.65,0.35,0.0,0.24,0.0,False,1.3156211431253233,2.3727903273575888,0.1,2.817139594680036,anova-v1-2026-08
laplace,laplace,10,10;10;10,1.0;1.0;1.0,0.8,H1,20260828,100,0.36,0.32,0.17,0.4358974358974359,,0.4358974358974359,0.0,0.39,0.61,0.39,0.0,0.27,0.0,False,1.3022100382137687,2.636169606748078,0.1,2.840575931998334,anova-v1-2026-08
laplace,laplace,10,10;10;10,1.0;1.0;1.0,0.8,H1,20260829,100,0.26,0.26,0.09,0.25,,0.25,0.0,0.36,0.64,0.36,0.0,0.25,0.0,False,1.3652258426727188,2.7000844227057206,0.1,2.9754684401156783,anova-v1-2026-08
laplace,laplace,25,25;25;25,1.0;1.0;1.0,0.0,H0,20260827,100,0.04,0.04,0.01,0.016666666666666666,0.0,0.019230769230769232,0.08,0.52,0.4,0.6,0.0,0.52,0.08,True,1.00451666772012,3.0056208897768677,0.08,2.034287564551181,anova-v1-2026-08
laplace,laplace,25,25;25;25,1.0;1.0;1.0,0.0,H0,20260828,100,0.04,0.05,0.01,0.017543859649122806,0.0,0.02127659574468085,0.1,0.47,0.43,0.57,0.0,0.53,0.1,True,1.1434002761823008,3.0647894502481576,0.08,1.9298794389019265,anova-v1-2026-08
laplace,laplace,25,25;25;25,1.0;1.0;1.0,0.0,H0,20260829,100,0.07,0.06,0.05,0.07936507936507936,0.0,0.08928571428571429,0.07,0.56,0.37,0.63,0.0,0.6,0.07,False,1.1070416810283614,2.850276671064634,0.08,1.849187246652471,anova-v1-2026-08
laplace,laplace,25,25;25;25,1.0;1.0;1.0,0.8,H1,20260827,100,0.54,0.55,0.35,0.5555555555555556,0.75,0.5098039215686274,0.12,0.51,0.37,0.63,0.0,0.53,0.0,False,1.018370719324297,2.571148581400248,0.08,2.0495328028897903,anova-v1-2026-08
laplace,laplace,25,25;25;25,1.0;1.0;1.0,0.8,H1,20260828,100,0.74,0.75,0.48,0.75,1.0,0.7192982456140351,0.07,0.57,0.36,0.64,0.0,0.58,0.0,False,1.1038551433031485,2.84276755456003,0.08,1.939087264546981,anova-v1-2026-08
laplace,laplace,25,25;25;25,1.0;1.0;1.0,0.8,H1,20260829,100,0.64,0.65,0.42,0.6774193548387096,0.8181818181818182,0.6470588235294118,0.11,0.51,0.38,0.62,0.0,0.59,0.0,False,1.0269320973273248,2.822220110404175,0.08,2.010585800925349,anova-v1-2026-08
laplace,laplace,60,60;60;60,1.0;1.0;1.0,0.0,H0,20260827,100,0.03,0.04,0.03,0.033707865168539325,0.0,0.03409090909090909,0.01,0.88,0.11,0.89,0.0,0.82,0.01,False,0.9197727608096835,3.909355488520456,0.05,1.6509634820250167,anova-v1-2026-08
laplace,laplace,60,60;60;60,1.0;1.0;1.0,0.0,H0,20260828,100,0.05,0.05,0.05,0.060240963855421686,0.0,0.06172839506172839,0.02,0.81,0.17,0.83,0.0,0.77,0.02,False,0.975075287877667,3.3855963828899465,0.05,1.545157274048729,anova-v1-2026-08
laplace,laplace,60,60;60;60,1.0;1.0;1.0,0.0,H0,20260829,100,0.06,0.06,0.06,0.06593406593406594,0.0,0.06666666666666667,0.01,0.9,0.09,0.91,0.0,0.82,0.01,False,0.8517305306705962,3.161438049977321,0.05,1.5711791259421584,anova-v1-2026-08
laplace,laplace,60,60;60;60,1.0;1.0;1.0,0.8,H1,20260827,100,0.98,0.98,0.87,0.9886363636363636,1.0,0.9883720930232558,0.02,0.86,0.12,0.88,0.0,0.82,0.0,False,0.8626265629620458,3.2805230928108333,0.05,1.5770252646580378,anova-v1-2026-08
laplace,laplace,60,60;60;60,1.0;1.0;1.0,0.8,H1,20260828,100,0.99,0.99,0.88,0.9887640449438202,1.0,0.9886363636363636,0.01,0.88,0.11,0.89,0.0,0.83,0.0,False,0.8779233319195435,3.7291590531666503,0.05,1.4680959721418319,anova-v1-2026-08
laplace,laplace,60,60;60;60,1.0;1.0;1.0,0.8,H1,20260829,100,0.98,0.97,0.83,0.9764705882352941,,0.9764705882352941,0.0,0.85,0.15,0.85,0.0,0.82,0.0,False,0.9461907380732217,3.5241890757987813,0.05,1.5518571420781564,anova-v1-2026-08
mixture_symmetric,mixture_symmetric,10,10;10;10,1.0;1.0;1.0,0.0,H0,20260827,100,0.03,0.02,0.02,0.06666666666666667,,0.06666666666666667,0.0,0.3,0.7,0.3,0.0,0.23,0.0,False,1.5806210020556368,3.6295345430741186,0.1,3.8068646539331423,anova-v1-2026-08
mixture_symmetric,mixture_symmetric,10,10;10;10,1.0;1.0;1.0,0.0,H0,20260828,100,0.05,0.05,0.05,0.16666666666666666,,0.16666666666666666,0.0,0.3,0.7,0.3,0.0,0.24,0.0,False,1.527248929207917,3.358072044012446,0.1,3.5325981324042175,anova-v1-2026-08
mixture_symmetric,mixture_symmetric,10,10;10;10,1.0;1.0;1.0,0.0,H0,20260829,100,0.03,0.02,0.01,0.030303030303030304,,0.030303030303030304,0.0,0.33,0.67,0.33,0.0,0.23,0.0,False,1.6829466351793951,3.7119185491257536,0.1,4.587696867506821,anova-v1-2026-08
mixture_symmetric,mixture_symmetric,10,10;10;10,1.0;1.0;1.0,0.8,H1,20260827,100,0.57,0.58,0.22,0.7333333333333333,,0.7333333333333333,0.0,0.3,0.7,0.3,0.0,0.3,0.0,False,1.507987909749556,3.0906612760412293,0.1,3.540651622839223,anova-v1-2026-08
mixture_symmetric,mixture_symmetric,10,10;10;10,1.0;1.0;1.0,0.8,H1,20260828,100,0.47,0.48,0.27,0.75,,0.75,0.0,0.36,0.64,0.36,0.0,0.32,0.0,False,1.808517665879441,4.002440603757845,0.1,4.393131675277546,anova-v1-2026-08
mixture_symmetric,mixture_symmetric,10,10;10;10,1.0;1.0;1.0,0.8,H1,20260829,100,0.48,0.54,0.28,0.6829268292682927,,0.6829268292682927,0.0,0.41,0.59,0.41,0.0,0.37,0.0,False,1.4530500338447618,2.8724714904887843,0.1,3.7647106971812017,anova-v1-2026-08
mixture_symmetric,mixture_symmetric,25,25;25;25,1.0;1.0;1.0,0.0,H0,20260827,100,0.04,0.03,0.02,0.06896551724137931,0.0,0.1,0.09,0.2,0.71,0.29,0.0,0.24,0.09,False,2.2974746152557266,8.208156411517052,0.04,3.8557517932634973,anova-v1-2026-08
mixture_symmetric,mixture_symmetric,25,25;25;25,1.0;1.0;1.0,0.0,H0,20260828,100,0.03,0.03,0.0,0.0,0.0,0.0,0.04,0.17,0.79,0.21,0.0,0.2,0.04,True,2.676916199774551,10.69366648147232,0.06,4.557082107797832,anova-v1-2026-08
mixture_symmetric,mixture_symmetric,25,25;25;25,1.0;1.0;1.0,0.0,H0,20260829,100,0.03,0.03,0.0,0.0,0.0,0.0,0.05,0.18,0.77,0.23,0.0,0.2,0.05,True,2.4288685745165504,9.109467926157002,0.04,3.9228826673992065,anova-v1-2026-08
mixture_symmetric,mixture_symmetric,25,25;25;25,1.0;1.0;1.0,0.8,H1,20260827,100,0.79,0.85,0.2,0.9523809523809523,1.0,0.9230769230769231,0.08,0.13,0.79,0.21,0.0,0.18,0.0,False,2.510728112363386,9.394460579222823,0.04,3.9533865223714217,anova-v1-2026-08
mixture_symmetric,mixture_symmetric,25,25;25;25,1.0;1.0;1.0,0.8,H1,20260828,100,0.77,0.75,0.26,1.0,1.0,1.0,0.1,0.16,0.74,0.26,0.0,0.25,0.0,False,2.657577259440382,9.368150225933189,0.06,3.581135170290446,anova-v1-2026-08
mixture_symmetric,mixture_symmetric,25,25;25;25,1.0;1.0;1.0,0.8,H1,20260829,100,0.72,0.75,0.2,0.9523809523809523,1.0,0.9333333333333333,0.06,0.15,0.79,0.21,0.0,0.15,0.0,False,2.9242759388817996,12.389270247309074,0.04,4.476770676506767,anova-v1-2026-08
mixture_symmetric,mixture_symmetric,60,60;60;60,1.0;1.0;1.0,0.0,H0,20260827,100,0.08,0.07,0.02,0.08,,0.08,0.0,0.25,0.75,0.25,0.0,0.23,0.0,False,2.7960891480509913,15.386654886330245,0.05,2.362359922773131,anova-v1-2026-08
mixture_symmetric,mixture_symmetric,60,60;60;60,1.0;1.0;1.0,0.0,H0,20260828,100,0.02,0.02,0.0,0.0,,0.0,0.0,0.26,0.74,0.26,0.0,0.25,0.0,True,2.824924790285186,15.9548134630333,0.05,2.621840215336957,anova-v1-2026-08
mixture_symmetric,mixture_symmetric,60,60;60;60,1.0;1.0;1.0,0.0,H0,20260829,100,0.04,0.04,0.0,0.0,0.0,0.0,0.01,0.26,0.73,0.27,0.0,0.26,0.01,True,3.1325189245841445,16.55480528935432,0.05,2.499822918691748,anova-v1-2026-08
mixture_symmetric,mixture_symmetric,60,60;60;60,1.0;1.0;1.0,0.8,H1,20260827,100,0.94,0.95,0.22,0.9166666666666666,,0.9166666666666666,0.0,0.24,0.76,0.24,0.0,0.2,0.0,False,3.0029841788291973,15.479733143833975,0.05,2.810196732925664,anova-v1-2026-08
mixture_symmetric,mixture_symmetric,60,60;60;60,1.0;1.0;1.0,0.8,H1,20260828,100,0.96,0.96,0.24,1.0,,1.0,0.0,0.24,0.76,0.24,0.0,0.22,0.0,False,2.9672874541854233,16.197682336975653,0.05,2.543925224396472,anova-v1-2026-08
mixture_symmetric,mixture_symmetric,60,60;60;60,1.0;1.0;1.0,0.8,H1,20260829,100,0.95,0.96,0.24,1.0,1.0,1.0,0.01,0.23,0.76,0.24,0.0,0.24,0.0,False,3.0176108012759335,16.590392716452556,0.05,2.546154823131106,anova-v1-2026-08
mixture_skewed,mixture_skewed,10,10;10;10,1.0;1.0;1.0,0.0,H0,20260827,100,0.02,0.04,0.01,0.07142857142857142,,0.07142857142857142,0.0,0.14,0.86,0.14,0.0,0.09,0.0,False,1.6735872427673528,3.541007284784442,0.1,3.9138709957827666,anova-v1-2026-08
mixture_skewed,mixture_skewed,10,10;10;10,1.0;1.0;1.0,0.0,H0,20260828,100,0.08,0.06,0.01,0.0625,,0.0625,0.0,0.16,0.84,0.16,0.0,0.06,0.0,False,1.8492774335289186,4.318213794989482,0.1,4.649712376585719,anova-v1-2026-08
mixture_skewed,mixture_skewed,10,10;10;10,1.0;1.0;1.0,0.0,H0,20260829,100,0.03,0.01,0.01,0.058823529411764705,,0.058823529411764705,0.0,0.17,0.83,0.17,0.0,0.06,0.0,False,1.783297552047808,4.498962729800754,0.1,4.594755957628932,anova-v1-2026-08
mixture_skewed,mixture_skewed,10,10;10;10,1.0;1.0;1.0,0.8,H1,20260827,100,0.33,0.39,0.08,0.8,,0.8,0.0,0.1,0.9,0.1,0.0,0.04,0.0,False,1.8569221002919356,4.790829355724194,0.1,3.9204328663374786,anova-v1-2026-08
mixture_skewed,mixture_skewed,10,10;10;10,1.0;1.0;1.0,0.8,H1,20260828,100,0.32,0.38,0.07,0.5833333333333334,,0.5833333333333334,0.0,0.12,0.88,0.12,0.0,0.05,0.0,False,1.7804841885298726,4.064374256308556,0.1,4.207647597451958,anova-v1-2026-08
mixture_skewed,mixture_skewed,10,10;10;10,1.0;1.0;1.0,0.8,H1,20260829,100,0.33,0.34,0.08,0.47058823529411764,,0.47058823529411764,0.0,0.17,0.83,0.17,0.0,0.07,0.0,False,1.7179457505434201,3.874542171741933,0.1,4.112766946874849,anova-v1-2026-08
mixture_skewed,mixture_skewed,25,25;25;25,1.0;1.0;1.0,0.0,H0,20260827,100,0.07,0.06,0.02,0.125,,0.125,0.0,0.16,0.84,0.16,0.0,0.14,0.0,False,1.8998082824200702,4.811665888862221,0.12,2.024351421277309,anova-v1-2026-08
mixture_skewed,mixture_skewed,25,25;25;25,1.0;1.0;1.0,0.0,H0,20260828,100,0.05,0.05,0.02,0.11764705882352941,0.0,0.125,0.01,0.16,0.83,0.17,0.0,0.13,0.01,False,1.8315623973816297,3.86066962533387,0.12,2.1317714769646052,anova-v1-2026-08
mixture_skewed,mixture_skewed,25,25;25;25,1.0;1.0;1.0,0.0,H0,20260829,100,0.04,0.04,0.01,0.07142857142857142,,0.07142857142857142,0.0,0.14,0.86,0.14,0.0,0.12,0.0,False,1.8041910553443659,4.378123196852597,0.12,1.935553142623049,anova-v1-2026-08
mixture_skewed,mixture_skewed,25,25;25;25,1.0;1.0;1.0,0.8,H1,20260827,100,0.64,0.68,0.11,0.7857142857142857,,0.7857142857142857,0.0,0.14,0.86,0.14,0.0,0.11,0.0,False,1.956148106451011,4.483425457230024,0.12,2.085338991416357,anova-v1-2026-08
mixture_skewed,mixture_skewed,25,25;25;25,1.0;1.0;1.0,0.8,H1,20260828,100,0.71,0.7,0.07,0.875,,0.875,0.0,0.08,0.92,0.08,0.0,0.06,0.0,False,1.8499053704262345,4.29007950883485,0.12,2.3301929111466233,anova-v1-2026-08
mixture_skewed,mixture_skewed,25,25;25;25,1.0;1.0;1.0,0.8,H1,20260829,100,0.69,0.69,0.12,0.8,,0.8,0.0,0.15,0.85,0.15,0.0,0.07,0.0,False,1.8538864916158586,4.824506496006284,0.12,2.3236160199016016,anova-v1-2026-08
mixture_skewed,mixture_skewed,60,60;60;60,1.0;1.0;1.0,0.0,H0,20260827,100,0.05,0.05,0.02,0.034482758620689655,,0.034482758620689655,0.0,0.58,0.42,0.58,0.0,0.55,0.0,False,1.7456345186203674,3.7797240666404113,0.1,1.5030337067406871,anova-v1-2026-08
mixture_skewed,mixture_skewed,60,60;60;60,1.0;1.0;1.0,0.0,H0,20260828,100,0.07,0.07,0.05,0.08196721311475409,,0.08196721311475409,0.0,0.61,0.39,0.61,0.0,0.59,0.0,False,1.8053897715886706,4.207444985450319,0.1,1.5399484865374364,anova-v1-2026-08
mixture_skewed,mixture_skewed,60,60;60;60,1.0;1.0;1.0,0.0,H0,20260829,100,0.01,0.02,0.01,0.017543859649122806,,0.017543859649122806,0.0,0.57,0.43,0.57,0.0,0.53,0.0,True,1.788625873871041,4.128913192200007,0.1,1.5036737311705626,anova-v1-2026-08
mixture_skewed,mixture_skewed,60,60;60;60,1.0;1.0;1.0,0.8,H1,20260827,100,0.99,0.99,0.57,0.9827586206896551,,0.9827586206896551,0.0,0.58,0.42,0.58,0.0,0.52,0.0,False,1.7370400629274383,3.7055683069284715,0.1,1.5911833944227418,anova-v1-2026-08
mixture_skewed,mixture_skewed,60,60;60;60,1.0;1.0;1.0,0.8,H1,20260828,100,0.98,0.98,0.59,1.0,,1.0,0.0,0.59,0.41,0.59,0.0,0.53,0.0,False,1.7568016825518455,3.988354360360875,0.1,1.5956485775558549,anova-v1-2026-08
mixture_skewed,mixture_skewed,60,60;60;60,1.0;1.0;1.0,0.8,H1,20260829,100,1.0,0.99,0.5,0.9803921568627451,,0.9803921568627451,0.0,0.51,0.49,0.51,0.0,0.45,0.0,False,1.7494391187647569,4.069161788457707,0.1,1.6123530938893724,anova-v1-2026-08
outlier_contamination_5pct,contaminated,10,10;10;10,1.0;1.0;1.0,0.0,H0,20260827,100,0.02,0.01,0.0,0.0,,0.0,0.0,0.17,0.83,0.17,0.0,0.14,0.0,False,2.6898336995689567,7.813203682814471,0.1,11.219488540634408,anova-v1-2026-08
outlier_contamination_5pct,contaminated,10,10;10;10,1.0;1.0;1.0,0.0,H0,20260828,100,0.02,0.03,0.03,0.23076923076923078,,0.23076923076923078,0.0,0.13,0.87,0.13,0.0,0.09,0.0,False,2.680740588910851,7.846454297334121,0.1,12.845710086729515,anova-v1-2026-08
outlier_contamination_5pct,contaminated,10,10;10;10,1.0;1.0;1.0,0.0,H0,20260829,100,0.02,0.05,0.0,0.0,,0.0,0.0,0.16,0.84,0.16,0.0,0.14,0.0,False,2.5330238531655036,7.202947937552442,0.1,13.497055662745488,anova-v1-2026-08
outlier_contamination_5pct,contaminated,10,10;10;10,1.0;1.0;1.0,0.8,H1,20260827,100,0.43,0.6,0.13,1.0,,1.0,0.0,0.13,0.87,0.13,0.0,0.12,0.0,False,2.6204889519303487,7.566489500549849,0.1,14.538983236348813,anova-v1-2026-08
outlier_contamination_5pct,contaminated,10,10;10;10,1.0;1.0;1.0,0.8,H1,20260828,100,0.43,0.58,0.19,1.0,,1.0,0.0,0.19,0.81,0.19,0.0,0.17,0.0,False,2.6073684463127784,7.661650072165187,0.1,11.71761656001657,anova-v1-2026-08
outlier_contamination_5pct,contaminated,10,10;10;10,1.0;1.0;1.0,0.8,H1,20260829,100,0.46,0.61,0.15,0.8333333333333334,,0.8333333333333334,0.0,0.18,0.82,0.18,0.0,0.14,0.0,False,2.4451604372966953,6.74568997236113,0.1,12.57797135003397,anova-v1-2026-08
outlier_contamination_5pct,contaminated,25,25;25;25,1.0;1.0;1.0,0.0,H0,20260827,100,0.05,0.05,0.0,0.0,,0.0,0.0,0.01,0.99,0.01,0.0,0.01,0.0,False,3.468804777843536,15.098963357662543,0.08,4.993225676468526,anova-v1-2026-08
outlier_contamination_5pct,contaminated,25,25;25;25,1.0;1.0;1.0,0.0,H0,20260828,100,0.02,0.02,0.0,0.0,0.0,,0.01,0.0,0.99,0.01,0.0,0.01,0.01,False,3.3470974202929007,14.375406306432644,0.08,6.046150844248202,anova-v1-2026-08
outlier_contamination_5pct,contaminated,25,25;25;25,1.0;1.0;1.0,0.0,H0,20260829,100,0.11,0.08,0.0,0.0,0.0,,0.02,0.0,0.98,0.02,0.0,0.02,0.02,False,3.46466388144403,14.89254514259278,0.08,5.834335193982051,anova-v1-2026-08
outlier_contamination_5pct,contaminated,25,25;25;25,1.0;1.0;1.0,0.8,H1,20260827,100,0.77,0.76,0.01,1.0,1.0,,0.01,0.0,0.99,0.01,0.0,0.01,0.0,False,3.485800722231617,15.268630961144058,0.08,4.519741208242797,anova-v1-2026-08
outlier_contamination_5pct,contaminated,25,25;25;25,1.0;1.0;1.0,0.8,H1,20260828,100,0.71,0.76,0.03,1.0,1.0,,0.03,0.0,0.97,0.03,0.0,0.03,0.0,False,3.4920578632865107,14.861064262440276,0.08,5.461597920548531,anova-v1-2026-08
outlier_contamination_5pct,contaminated,25,25;25;25,1.0;1.0;1.0,0.8,H1,20260829,100,0.67,0.73,0.0,,,,0.0,0.0,1.0,0.0,0.0,0.0,0.0,False,3.4403525112930797,14.901779264674307,0.08,5.562548231356967,anova-v1-2026-08
outlier_contamination_5pct,contaminated,60,60;60;60,1.0;1.0;1.0,0.0,H0,20260827,100,0.03,0.02,0.0,,,,0.0,0.0,1.0,0.0,0.0,0.0,0.0,False,3.548634116619092,16.270750841334973,0.08333333333333333,2.355599623538793,anova-v1-2026-08
outlier_contamination_5pct,contaminated,60,60;60;60,1.0;1.0;1.0,0.0,H0,20260828,100,0.05,0.05,0.0,,,,0.0,0.0,1.0,0.0,0.0,0.0,0.0,False,3.6572303031595514,17.059562226443603,0.06666666666666667,2.1283466526556962,anova-v1-2026-08
outlier_contamination_5pct,contaminated,60,60;60;60,1.0;1.0;1.0,0.0,H0,20260829,100,0.08,0.06,0.0,0.0,,0.0,0.0,0.01,0.99,0.01,0.0,0.0,0.0,False,3.493536450430608,16.04947865522968,0.075,2.148788815311629,anova-v1-2026-08
outlier_contamination_5pct,contaminated,60,60;60;60,1.0;1.0;1.0,0.8,H1,20260827,100,0.98,0.98,0.0,,,,0.0,0.0,1.0,0.0,0.0,0.0,0.0,False,3.5317620141578807,16.047741100294537,0.08333333333333333,2.134068507681622,anova-v1-2026-08
outlier_contamination_5pct,contaminated,60,60;60;60,1.0;1.0;1.0,0.8,H1,20260828,100,0.98,0.98,0.0,,,,0.0,0.0,1.0,0.0,0.0,0.0,0.0,False,3.515544532456074,16.18857243632646,0.06666666666666667,2.1280543677348343,anova-v1-2026-08
outlier_contamination_5pct,contaminated,60,60;60;60,1.0;1.0;1.0,0.8,H1,20260829,100,0.98,1.0,0.0,,,,0.0,0.0,1.0,0.0,0.0,0.0,0.0,False,3.6572637159329595,17.23598763470752,0.06666666666666667,2.2273658533334197,anova-v1-2026-08
