series,varied_parameter,grid_value,n,skewness,excess_kurtosis,outlier_fraction,extreme_count,robustness_level,transition,transition_from,transition_to
skew_1_n40,skewness,0.95,40,0.95,0.0,0.0,0,acceptable,0,,
skew_1_n40,skewness,0.955,40,0.955,0.0,0.0,0,acceptable,0,,
skew_1_n40,skewness,0.96,40,0.96,0.0,0.0,0,acceptable,0,,
skew_1_n40,skewness,0.965,40,0.965,0.0,0.0,0,acceptable,0,,
skew_1_n40,skewness,0.97,40,0.97,0.0,0.0,0,acceptable,0,,
skew_1_n40,skewness,0.975,40,0.975,0.0,0.0,0,acceptable,0,,
skew_1_n40,skewness,0.98,40,0.98,0.0,0.0,0,acceptable,0,,
skew_1_n40,skewness,0.985,40,0.985,0.0,0.0,0,acceptable,0,,
skew_1_n40,skewness,0.99,40,0.99,0.0,0.0,0,acceptable,0,,
skew_1_n40,skewness,0.995,40,0.995,0.0,0.0,0,acceptable,0,,
skew_1_n40,skewness,1.0,40,1.0,0.0,0.0,0,acceptable,0,,
skew_1_n40,skewness,1.005,40,1.005,0.0,0.0,0,insufficient,1,acceptable,insufficient
skew_1_n40,skewness,1.01,40,1.01,0.0,0.0,0,insufficient,0,,
skew_1_n40,skewness,1.015,40,1.015,0.0,0.0,0,insufficient,0,,
skew_1_n40,skewness,1.02,40,1.02,0.0,0.0,0,insufficient,0,,
skew_1_n40,skewness,1.025,40,1.025,0.0,0.0,0,insufficient,0,,
skew_1_n40,skewness,1.03,40,1.03,0.0,0.0,0,insufficient,0,,
skew_1_n40,skewness,1.035,40,1.035,0.0,0.0,0,insufficient,0,,
skew_1_n40,skewness,1.04,40,1.04,0.0,0.0,0,insufficient,0,,
skew_1_n40,skewness,1.045,40,1.045,0.0,0.0,0,insufficient,0,,
skew_1_n40,skewness,1.05,40,1.05,0.0,0.0,0,insufficient,0,,
skew_2_n80,skewness,1.95,80,1.95,0.0,0.01,1,caution,0,,
skew_2_n80,skewness,1.955,80,1.955,0.0,0.01,1,caution,0,,
skew_2_n80,skewness,1.96,80,1.96,0.0,0.01,1,caution,0,,
skew_2_n80,skewness,1.965,80,1.965,0.0,0.01,1,caution,0,,
skew_2_n80,skewness,1.97,80,1.97,0.0,0.01,1,caution,0,,
skew_2_n80,skewness,1.975,80,1.975,0.0,0.01,1,caution,0,,
skew_2_n80,skewness,1.98,80,1.98,0.0,0.01,1,caution,0,,
skew_2_n80,skewness,1.985,80,1.985,0.0,0.01,1,caution,0,,
skew_2_n80,skewness,1.99,80,1.99,0.0,0.01,1,caution,0,,
skew_2_n80,skewness,1.995,80,1.995,0.0,0.01,1,caution,0,,
skew_2_n80,skewness,2.0,80,2.0,0.0,0.01,1,caution,0,,
skew_2_n80,skewness,2.005,80,2.005,0.0,0.01,1,insufficient,1,caution,insufficient
skew_2_n80,skewness,2.01,80,2.01,0.0,0.01,1,insufficient,0,,
skew_2_n80,skewness,2.015,80,2.015,0.0,0.01,1,insufficient,0,,
skew_2_n80,skewness,2.02,80,2.02,0.0,0.01,1,insufficient,0,,
skew_2_n80,skewness,2.025,80,2.025,0.0,0.01,1,insufficient,0,,
skew_2_n80,skewness,2.03,80,2.03,0.0,0.01,1,insufficient,0,,
skew_2_n80,skewness,2.035,80,2.035,0.0,0.01,1,insufficient,0,,
skew_2_n80,skewness,2.04,80,2.04,0.0,0.01,1,insufficient,0,,
skew_2_n80,skewness,2.045,80,2.045,0.0,0.01,1,insufficient,0,,
skew_2_n80,skewness,2.05,80,2.05,0.0,0.01,1,insufficient,0,,
kurtosis_3_n40,excess_kurtosis,2.95,40,0.5,2.95,0.02,1,caution,0,,
kurtosis_3_n40,excess_kurtosis,2.955,40,0.5,2.955,0.02,1,caution,0,,
kurtosis_3_n40,excess_kurtosis,2.96,40,0.5,2.96,0.02,1,caution,0,,
kurtosis_3_n40,excess_kurtosis,2.965,40,0.5,2.965,0.02,1,caution,0,,
kurtosis_3_n40,excess_kurtosis,2.97,40,0.5,2.97,0.02,1,caution,0,,
kurtosis_3_n40,excess_kurtosis,2.975,40,0.5,2.975,0.02,1,caution,0,,
kurtosis_3_n40,excess_kurtosis,2.98,40,0.5,2.98,0.02,1,caution,0,,
kurtosis_3_n40,excess_kurtosis,2.985,40,0.5,2.985,0.02,1,caution,0,,
kurtosis_3_n40,excess_kurtosis,2.99,40,0.5,2.99,0.02,1,caution,0,,
kurtosis_3_n40,excess_kurtosis,2.995,40,0.5,2.995,0.02,1,caution,0,,
kurtosis_3_n40,excess_kurtosis,3.0,40,0.5,3.0,0.02,1,caution,0,,
kurtosis_3_n40,excess_kurtosis,3.005,40,0.5,3.005,0.02,1,insufficient,1,caution,insufficient
kurtosis_3_n40,excess_kurtosis,3.01,40,0.5,3.01,0.02,1,insufficient,0,,
kurtosis_3_n40,excess_kurtosis,3.015,40,0.5,3.015,0.02,1,insufficient,0,,
kurtosis_3_n40,excess_kurtosis,3.02,40,0.5,3.02,0.02,1,insufficient,0,,
kurtosis_3_n40,excess_kurtosis,3.025,40,0.5,3.025,0.02,1,insufficient,0,,
kurtosis_3_n40,excess_kurtosis,3.03,40,0.5,3.03,0.02,1,insufficient,0,,
kurtosis_3_n40,excess_kurtosis,3.035,40,0.5,3.035,0.02,1,insufficient,0,,
kurtosis_3_n40,excess_kurtosis,3.04,40,0.5,3.04,0.02,1,insufficient,0,,
kurtosis_3_n40,excess_kurtosis,3.045,40,0.5,3.045,0.02,1,insufficient,0,,
kurtosis_3_n40,excess_kurtosis,3.05,40,0.5,3.05,0.02,1,insufficient,0,,
kurtosis_7_n80,excess_kurtosis,6.95,80,1.5,6.95,0.05,1,caution,0,,
kurtosis_7_n80,excess_kurtosis,6.955,80,1.5,6.955,0.05,1,caution,0,,
kurtosis_7_n80,excess_kurtosis,6.96,80,1.5,6.96,0.05,1,caution,0,,
kurtosis_7_n80,excess_kurtosis,6.965,80,1.5,6.965,0.05,1,caution,0,,
kurtosis_7_n80,excess_kurtosis,6.97,80,1.5,6.97,0.05,1,caution,0,,
kurtosis_7_n80,excess_kurtosis,6.975,80,1.5,6.975,0.05,1,caution,0,,
kurtosis_7_n80,excess_kurtosis,6.98,80,1.5,6.98,0.05,1,caution,0,,
kurtosis_7_n80,excess_kurtosis,6.985,80,1.5,6.985,0.05,1,caution,0,,
kurtosis_7_n80,excess_kurtosis,6.99,80,1.5,6.99,0.05,1,caution,0,,
kurtosis_7_n80,excess_kurtosis,6.995,80,1.5,6.995,0.05,1,caution,0,,
kurtosis_7_n80,excess_kurtosis,7.0,80,1.5,7.0,0.05,1,caution,0,,
kurtosis_7_n80,excess_kurtosis,7.005,80,1.5,7.005,0.05,1,insufficient,1,caution,insufficient
kurtosis_7_n80,excess_kurtosis,7.01,80,1.5,7.01,0.05,1,insufficient,0,,
kurtosis_7_n80,excess_kurtosis,7.015,80,1.5,7.015,0.05,1,insufficient,0,,
kurtosis_7_n80,excess_kurtosis,7.02,80,1.5,7.02,0.05,1,insufficient,0,,
kurtosis_7_n80,excess_kurtosis,7.025,80,1.5,7.025,0.05,1,insufficient,0,,
kurtosis_7_n80,excess_kurtosis,7.03,80,1.5,7.03,0.05,1,insufficient,0,,
kurtosis_7_n80,excess_kurtosis,7.035,80,1.5,7.035,0.05,1,insufficient,0,,
kurtosis_7_n80,excess_kurtosis,7.04,80,1.5,7.04,0.05,1,insufficient,0,,
kurtosis_7_n80,excess_kurtosis,7.045,80,1.5,7.045,0.05,1,insufficient,0,,
kurtosis_7_n80,excess_kurtosis,7.05,80,1.5,7.05,0.05,1,insufficient,0,,
kurtosis_25_n200,excess_kurtosis,24.95,200,1.5,24.95,0.05,1,caution,0,,
kurtosis_25_n200,excess_kurtosis,24.955,200,1.5,24.955,0.05,1,caution,0,,
kurtosis_25_n200,excess_kurtosis,24.96,200,1.5,24.96,0.05,1,caution,0,,
kurtosis_25_n200,excess_kurtosis,24.965,200,1.5,24.965,0.05,1,caution,0,,
kurtosis_25_n200,excess_kurtosis,24.97,200,1.5,24.97,0.05,1,caution,0,,
kurtosis_25_n200,excess_kurtosis,24.975,200,1.5,24.975,0.05,1,caution,0,,
kurtosis_25_n200,excess_kurtosis,24.98,200,1.5,24.98,0.05,1,caution,0,,
kurtosis_25_n200,excess_kurtosis,24.985,200,1.5,24.985,0.05,1,caution,0,,
kurtosis_25_n200,excess_kurtosis,24.99,200,1.5,24.99,0.05,1,caution,0,,
kurtosis_25_n200,excess_kurtosis,24.995,200,1.5,24.995,0.05,1,caution,0,,
kurtosis_25_n200,excess_kurtosis,25.0,200,1.5,25.0,0.05,1,caution,0,,
kurtosis_25_n200,excess_kurtosis,25.005,200,1.5,25.005,0.05,1,insufficient,1,caution,insufficient
kurtosis_25_n200,excess_kurtosis,25.01,200,1.5,25.01,0.05,1,insufficient,0,,
kurtosis_25_n200,excess_kurtosis,25.015,200,1.5,25.015,0.05,1,insufficient,0,,
kurtosis_25_n200,excess_kurtosis,25.02,200,1.5,25.02,0.05,1,insufficient,0,,
kurtosis_25_n200,excess_kurtosis,25.025,200,1.5,25.025,0.05,1,insufficient,0,,
kurtosis_25_n200,excess_kurtosis,25.03,200,1.5,25.03,0.05,1,insufficient,0,,
kurtosis_25_n200,excess_kurtosis,25.035,200,1.5,25.035,0.05,1,insufficient,0,,
kurtosis_25_n200,excess_kurtosis,25.04,200,1.5,25.04,0.05,1,insufficient,0,,
kurtosis_25_n200,excess_kurtosis,25.045,200,1.5,25.045,0.05,1,insufficient,0,,
kurtosis_25_n200,excess_kurtosis,25.05,200,1.5,25.05,0.05,1,insufficient,0,,
outlier_fraction_0p025_n40,outlier_fraction,0.02,40,0.5,2.0,0.02,1,caution,0,,
outlier_fraction_0p025_n40,outlier_fraction,0.0205,40,0.5,2.0,0.0205,1,caution,0,,
outlier_fraction_0p025_n40,outlier_fraction,0.021,40,0.5,2.0,0.021,1,caution,0,,
outlier_fraction_0p025_n40,outlier_fraction,0.0215,40,0.5,2.0,0.0215,1,caution,0,,
outlier_fraction_0p025_n40,outlier_fraction,0.022,40,0.5,2.0,0.022,1,caution,0,,
outlier_fraction_0p025_n40,outlier_fraction,0.0225,40,0.5,2.0,0.0225,1,caution,0,,
outlier_fraction_0p025_n40,outlier_fraction,0.023,40,0.5,2.0,0.023,1,caution,0,,
outlier_fraction_0p025_n40,outlier_fraction,0.0235,40,0.5,2.0,0.0235,1,caution,0,,
outlier_fraction_0p025_n40,outlier_fraction,0.024,40,0.5,2.0,0.024,1,caution,0,,
outlier_fraction_0p025_n40,outlier_fraction,0.0245,40,0.5,2.0,0.0245,1,caution,0,,
outlier_fraction_0p025_n40,outlier_fraction,0.025,40,0.5,2.0,0.025,1,caution,0,,
outlier_fraction_0p025_n40,outlier_fraction,0.0255,40,0.5,2.0,0.0255,1,insufficient,1,caution,insufficient
outlier_fraction_0p025_n40,outlier_fraction,0.026,40,0.5,2.0,0.026,1,insufficient,0,,
outlier_fraction_0p025_n40,outlier_fraction,0.0265,40,0.5,2.0,0.0265,1,insufficient,0,,
outlier_fraction_0p025_n40,outlier_fraction,0.027,40,0.5,2.0,0.027,1,insufficient,0,,
outlier_fraction_0p025_n40,outlier_fraction,0.0275,40,0.5,2.0,0.0275,1,insufficient,0,,
outlier_fraction_0p025_n40,outlier_fraction,0.028,40,0.5,2.0,0.028,1,insufficient,0,,
outlier_fraction_0p025_n40,outlier_fraction,0.0285,40,0.5,2.0,0.0285,1,insufficient,0,,
outlier_fraction_0p025_n40,outlier_fraction,0.029,40,0.5,2.0,0.029,1,insufficient,0,,
outlier_fraction_0p025_n40,outlier_fraction,0.0295,40,0.5,2.0,0.0295,1,insufficient,0,,
outlier_fraction_0p025_n40,outlier_fraction,0.03,40,0.5,2.0,0.03,1,insufficient,0,,
outlier_fraction_0p10_n80,outlier_fraction,0.095,80,1.5,5.0,0.095,1,caution,0,,
outlier_fraction_0p10_n80,outlier_fraction,0.0955,80,1.5,5.0,0.0955,1,caution,0,,
outlier_fraction_0p10_n80,outlier_fraction,0.096,80,1.5,5.0,0.096,1,caution,0,,
outlier_fraction_0p10_n80,outlier_fraction,0.0965,80,1.5,5.0,0.0965,1,caution,0,,
outlier_fraction_0p10_n80,outlier_fraction,0.097,80,1.5,5.0,0.097,1,caution,0,,
outlier_fraction_0p10_n80,outlier_fraction,0.0975,80,1.5,5.0,0.0975,1,caution,0,,
outlier_fraction_0p10_n80,outlier_fraction,0.098,80,1.5,5.0,0.098,1,caution,0,,
outlier_fraction_0p10_n80,outlier_fraction,0.0985,80,1.5,5.0,0.0985,1,caution,0,,
outlier_fraction_0p10_n80,outlier_fraction,0.099,80,1.5,5.0,0.099,1,caution,0,,
outlier_fraction_0p10_n80,outlier_fraction,0.0995,80,1.5,5.0,0.0995,1,caution,0,,
outlier_fraction_0p10_n80,outlier_fraction,0.1,80,1.5,5.0,0.1,1,caution,0,,
outlier_fraction_0p10_n80,outlier_fraction,0.1005,80,1.5,5.0,0.1005,1,insufficient,1,caution,insufficient
outlier_fraction_0p10_n80,outlier_fraction,0.101,80,1.5,5.0,0.101,1,insufficient,0,,
outlier_fraction_0p10_n80,outlier_fraction,0.1015,80,1.5,5.0,0.1015,1,insufficient,0,,
outlier_fraction_0p10_n80,outlier_fraction,0.102,80,1.5,5.0,0.102,1,insufficient,0,,
outlier_fraction_0p10_n80,outlier_fraction,0.1025,80,1.5,5.0,0.1025,1,insufficient,0,,
outlier_fraction_0p10_n80,outlier_fraction,0.103,80,1.5,5.0,0.103,1,insufficient,0,,
outlier_fraction_0p10_n80,outlier_fraction,0.1035,80,1.5,5.0,0.1035,1,insufficient,0,,
outlier_fraction_0p10_n80,outlier_fraction,0.104,80,1.5,5.0,0.104,1,insufficient,0,,
outlier_fraction_0p10_n80,outlier_fraction,0.1045,80,1.5,5.0,0.1045,1,insufficient,0,,
outlier_fraction_0p10_n80,outlier_fraction,0.105,80,1.5,5.0,0.105,1,insufficient,0,,
n_40,n,35,35,0.8,2.0,0.02,1,insufficient,0,,
n_40,n,36,36,0.8,2.0,0.02,1,insufficient,0,,
n_40,n,37,37,0.8,2.0,0.02,1,insufficient,0,,
n_40,n,38,38,0.8,2.0,0.02,1,insufficient,0,,
n_40,n,39,39,0.8,2.0,0.02,1,insufficient,0,,
n_40,n,40,40,0.8,2.0,0.02,1,caution,1,insufficient,caution
n_40,n,41,41,0.8,2.0,0.02,1,caution,0,,
n_40,n,42,42,0.8,2.0,0.02,1,caution,0,,
n_40,n,43,43,0.8,2.0,0.02,1,caution,0,,
n_40,n,44,44,0.8,2.0,0.02,1,caution,0,,
n_40,n,45,45,0.8,2.0,0.02,1,caution,0,,
n_80,n,75,75,1.5,5.0,0.05,1,insufficient,0,,
n_80,n,76,76,1.5,5.0,0.05,1,insufficient,0,,
n_80,n,77,77,1.5,5.0,0.05,1,insufficient,0,,
n_80,n,78,78,1.5,5.0,0.05,1,insufficient,0,,
n_80,n,79,79,1.5,5.0,0.05,1,insufficient,0,,
n_80,n,80,80,1.5,5.0,0.05,1,caution,1,insufficient,caution
n_80,n,81,81,1.5,5.0,0.05,1,caution,0,,
n_80,n,82,82,1.5,5.0,0.05,1,caution,0,,
n_80,n,83,83,1.5,5.0,0.05,1,caution,0,,
n_80,n,84,84,1.5,5.0,0.05,1,caution,0,,
n_80,n,85,85,1.5,5.0,0.05,1,caution,0,,
n_200,n,195,195,1.5,15.0,0.05,1,insufficient,0,,
n_200,n,196,196,1.5,15.0,0.05,1,insufficient,0,,
n_200,n,197,197,1.5,15.0,0.05,1,insufficient,0,,
n_200,n,198,198,1.5,15.0,0.05,1,insufficient,0,,
n_200,n,199,199,1.5,15.0,0.05,1,insufficient,0,,
n_200,n,200,200,1.5,15.0,0.05,1,caution,1,insufficient,caution
n_200,n,201,201,1.5,15.0,0.05,1,caution,0,,
n_200,n,202,202,1.5,15.0,0.05,1,caution,0,,
n_200,n,203,203,1.5,15.0,0.05,1,caution,0,,
n_200,n,204,204,1.5,15.0,0.05,1,caution,0,,
n_200,n,205,205,1.5,15.0,0.05,1,caution,0,,
