scenario,family,n,replications,nominal_contamination,ci_coverage,type_i_error,median_abs_skewness,p90_abs_skewness,median_abs_excess_kurtosis,p90_abs_excess_kurtosis,mean_outlier_fraction,p90_outlier_fraction,shape_pass_rate,shape_warn_rate,shape_fail_rate,decision_acceptable_rate,decision_caution_rate,decision_insufficient_rate
exponential,exponential,10,1000,0.0,0.905,0.095,1.1256581594767363,2.22857836207943,1.2268476962262698,5.551495314982263,0.0586,0.2,0.394,0.463,0.143,0.384,0.01,0.606
exponential,exponential,20,1000,0.0,0.913,0.087,1.3129377825969009,2.3416943634543057,1.3365691848002355,6.3423603266400015,0.0516,0.15,0.149,0.657,0.194,0.148,0.001,0.851
exponential,exponential,30,1000,0.0,0.938,0.062,1.411999032842829,2.484837250541127,1.8518662752372763,7.74642601158705,0.04566666666666666,0.1,0.033,0.746,0.221,0.032,0.001,0.967
exponential,exponential,40,1000,0.0,0.927,0.073,1.5166790194783937,2.44894461988215,2.2252422926636215,7.79270551535206,0.046675,0.1,0.006,0.758,0.236,0.006,0.132,0.862
exponential,exponential,50,1000,0.0,0.93,0.07,1.5857077130719341,2.4447794087441244,2.5867241582652354,7.7989203467303465,0.0455,0.1,0.001,0.739,0.26,0.001,0.101,0.898
exponential,exponential,80,1000,0.0,0.944,0.056,1.709538796123295,2.5677799087255186,3.2837906686779776,9.105790839741081,0.044175,0.075,0.0,0.707,0.293,0.0,0.694,0.306
exponential,exponential,100,1000,0.0,0.935,0.065,1.7187482045433633,2.451123539977281,3.35098251420916,8.757943063897699,0.044220000000000016,0.08,0.0,0.706,0.294,0.0,0.695,0.305
exponential,exponential,200,1000,0.0,0.944,0.056,1.8119411508700942,2.456779780419356,4.052150990849148,9.20014388090291,0.04184,0.065,0.0,0.664,0.336,0.0,0.664,0.336
gamma_shape_2,gamma,10,1000,0.0,0.921,0.079,0.788483089645186,1.838200756810525,1.0738379574813328,3.865289840729294,0.0375,0.1,0.593,0.344,0.063,0.574,0.019,0.407
gamma_shape_2,gamma,20,1000,0.0,0.944,0.056,1.0019664539181052,1.816676864462643,0.9472271676344013,4.056979491252901,0.028599999999999997,0.1,0.396,0.535,0.069,0.387,0.009,0.604
gamma_shape_2,gamma,30,1000,0.0,0.933,0.067,1.0756816343298905,1.8384132074097694,0.9925288886020096,4.372042069732934,0.0264,0.06666666666666667,0.212,0.719,0.069,0.208,0.004,0.788
gamma_shape_2,gamma,40,1000,0.0,0.934,0.066,1.1486200070450632,1.9799110713152108,1.1337980027760879,5.210722930845661,0.023500000000000004,0.05,0.118,0.786,0.096,0.113,0.271,0.616
gamma_shape_2,gamma,50,1000,0.0,0.934,0.066,1.1449263566933157,1.8929226042875438,1.2195164112448031,5.038473512214123,0.02172,0.06,0.05,0.877,0.073,0.049,0.325,0.626
gamma_shape_2,gamma,80,1000,0.0,0.948,0.052,1.2165333657892643,1.8349783144487308,1.4814496651922466,5.0865279757689414,0.0210625,0.05,0.002,0.93,0.068,0.002,0.93,0.068
gamma_shape_2,gamma,100,1000,0.0,0.947,0.053,1.2397149008728947,1.8481994102761359,1.7079155542716085,5.261880740189088,0.02017,0.04,0.0,0.93,0.07,0.0,0.93,0.07
gamma_shape_2,gamma,200,1000,0.0,0.949,0.051,1.3030114856344786,1.7777988002054268,2.0845163988243196,4.995149529489572,0.019145000000000002,0.035,0.0,0.955,0.045,0.0,0.959,0.041
gamma_shape_4,gamma,10,1000,0.0,0.929,0.071,0.6642828227233585,1.398800580572844,0.9802138462486805,2.4021292694104464,0.0242,0.1,0.7,0.28,0.02,0.664,0.036,0.3
gamma_shape_4,gamma,20,1000,0.0,0.945,0.055,0.7027693422710446,1.5567588338471716,0.8321070000505988,3.181818332843858,0.019100000000000002,0.05,0.628,0.336,0.036,0.595,0.033,0.372
gamma_shape_4,gamma,30,1000,0.0,0.947,0.053,0.7452191435394285,1.5069776994903241,0.7107462833589131,3.1906600760262296,0.013966666666666667,0.03333333333333333,0.505,0.471,0.024,0.484,0.021,0.495
gamma_shape_4,gamma,40,1000,0.0,0.947,0.053,0.8042416239272081,1.5169822942693267,0.6634957249248645,3.3469341444939196,0.012674999999999999,0.05,0.403,0.566,0.031,0.393,0.269,0.338
gamma_shape_4,gamma,50,1000,0.0,0.947,0.053,0.8025406505787918,1.4038709591701852,0.7001203724218474,2.870024631895644,0.011,0.04,0.299,0.683,0.018,0.293,0.375,0.332
gamma_shape_4,gamma,80,1000,0.0,0.948,0.052,0.8614707940790817,1.362752722537913,0.6966464291541283,3.092182999262861,0.010575000000000001,0.025,0.085,0.893,0.022,0.083,0.895,0.022
gamma_shape_4,gamma,100,1000,0.0,0.947,0.053,0.9058170151835998,1.3939128303103028,0.8329543821732035,3.1320316350132633,0.01084,0.03,0.031,0.955,0.014,0.031,0.955,0.014
gamma_shape_4,gamma,200,1000,0.0,0.951,0.049,0.954058565846267,1.2676655708608586,1.0607271606552624,2.799107321633167,0.009715,0.02,0.0,0.994,0.006,0.0,0.996,0.004
gamma_shape_9,gamma,10,1000,0.0,0.947,0.053,0.5291404420092181,1.3595522959699504,0.9257879717945665,2.209080541954318,0.0213,0.1,0.771,0.21,0.019,0.733,0.038,0.229
gamma_shape_9,gamma,20,1000,0.0,0.947,0.053,0.4675956119969318,1.1451475810906286,0.6577297904724606,1.864903541957538,0.0085,0.05,0.814,0.179,0.007,0.779,0.035,0.186
gamma_shape_9,gamma,30,1000,0.0,0.949,0.051,0.4948253200123708,1.106322555107252,0.5990134288349167,1.854319720549796,0.0074,0.03333333333333333,0.737,0.254,0.009,0.706,0.031,0.263
gamma_shape_9,gamma,40,1000,0.0,0.941,0.059,0.5382319833882376,1.0832180624637453,0.5294232420408633,1.8569194803795492,0.006849999999999999,0.025,0.658,0.34,0.002,0.629,0.223,0.148
gamma_shape_9,gamma,50,1000,0.0,0.961,0.039,0.5815227339691719,1.1464484422024803,0.5113932555369924,2.137642308709293,0.006780000000000001,0.02,0.574,0.422,0.004,0.549,0.288,0.163
gamma_shape_9,gamma,80,1000,0.0,0.952,0.048,0.5853063892469653,1.0347327254739247,0.4700489441869091,1.870907272009114,0.0055125,0.0125,0.433,0.56,0.007,0.416,0.577,0.007
gamma_shape_9,gamma,100,1000,0.0,0.946,0.054,0.5927328703142116,1.0270638602694695,0.45009130820575294,1.8560213365981715,0.005279999999999999,0.02,0.31,0.688,0.002,0.292,0.706,0.002
gamma_shape_9,gamma,200,1000,0.0,0.947,0.053,0.6360321324314917,0.9301325162841061,0.4520424160475145,1.6785451829664522,0.00487,0.01,0.057,0.943,0.0,0.052,0.948,0.0
laplace,laplace,10,1000,0.0,0.953,0.047,0.653280499774181,1.6598856723532802,1.0708225379658387,3.9115799939548648,0.0448,0.1,0.663,0.289,0.048,0.566,0.097,0.337
laplace,laplace,20,1000,0.0,0.954,0.046,0.5887029267416777,1.5625073779097074,1.1154091148451664,4.4338025116886275,0.0371,0.1,0.64,0.305,0.055,0.485,0.155,0.36
laplace,laplace,30,1000,0.0,0.957,0.043,0.5092289401201164,1.436979608808487,1.2986592346484604,4.362689840652754,0.034833333333333334,0.1,0.579,0.381,0.04,0.389,0.19,0.421
laplace,laplace,40,1000,0.0,0.956,0.044,0.5109803325747937,1.3260552065273798,1.4722609768114392,4.600674319460627,0.03175,0.075,0.5,0.467,0.033,0.319,0.296,0.385
laplace,laplace,50,1000,0.0,0.956,0.044,0.4759168113035548,1.2555004403821652,1.6533352776376886,4.728070915327325,0.033960000000000004,0.08,0.396,0.571,0.033,0.231,0.308,0.461
laplace,laplace,80,1000,0.0,0.944,0.056,0.39491950584766145,1.0716250412188841,1.8195977970100246,4.690265185925678,0.029212500000000002,0.0625,0.273,0.69,0.037,0.119,0.841,0.04
laplace,laplace,100,1000,0.0,0.963,0.037,0.3938902919173254,1.0373676523929432,2.061358418987111,5.028550246243754,0.02878,0.06,0.173,0.789,0.038,0.072,0.886,0.042
laplace,laplace,200,1000,0.0,0.945,0.055,0.31047251193792214,0.793694734904838,2.431287428981642,4.693103755179685,0.028865000000000005,0.05,0.022,0.949,0.029,0.007,0.993,0.0
lognormal_sigma_0.25,lognormal,10,1000,0.0,0.943,0.057,0.497989328326335,1.4289435464102798,0.9538728854791625,2.55481140220888,0.0227,0.1,0.759,0.215,0.026,0.721,0.038,0.241
lognormal_sigma_0.25,lognormal,20,1000,0.0,0.941,0.059,0.5445532717866538,1.3667643375652443,0.7610518258267005,2.5735491669825703,0.014,0.05,0.737,0.241,0.022,0.691,0.046,0.263
lognormal_sigma_0.25,lognormal,30,1000,0.0,0.947,0.053,0.5961837860955492,1.3744309670175094,0.6209454853419025,2.723502737468092,0.011166666666666667,0.03333333333333333,0.68,0.299,0.021,0.644,0.036,0.32
lognormal_sigma_0.25,lognormal,40,1000,0.0,0.949,0.051,0.6022550023884887,1.2396745157368256,0.5896867517394939,2.4942476842417314,0.009325,0.025,0.585,0.402,0.013,0.557,0.227,0.216
lognormal_sigma_0.25,lognormal,50,1000,0.0,0.946,0.054,0.6244819758619443,1.291480486844269,0.5772641849009732,2.7733493978737345,0.00934,0.04,0.519,0.468,0.013,0.489,0.28,0.231
lognormal_sigma_0.25,lognormal,80,1000,0.0,0.952,0.048,0.6756837870050099,1.1336394576476692,0.5364600089341376,2.313707297703736,0.0074,0.025,0.325,0.668,0.007,0.309,0.684,0.007
lognormal_sigma_0.25,lognormal,100,1000,0.0,0.953,0.047,0.6880959382048172,1.1659712138706284,0.590944771224071,2.4840846155097815,0.007210000000000001,0.02,0.22,0.778,0.002,0.209,0.789,0.002
lognormal_sigma_0.25,lognormal,200,1000,0.0,0.945,0.055,0.7215685296324382,1.0642180701883042,0.675313602043327,2.1172796086459043,0.00709,0.015,0.032,0.967,0.001,0.026,0.973,0.001
lognormal_sigma_0.5,lognormal,10,1000,0.0,0.926,0.074,0.8738310751264086,1.9414654223184926,1.1406378853272021,4.518692603305324,0.0429,0.1,0.54,0.37,0.09,0.517,0.023,0.46
lognormal_sigma_0.5,lognormal,20,1000,0.0,0.918,0.082,0.9783726008091482,2.0462028325363617,1.0302242485290596,5.355167049301661,0.0304,0.1,0.44,0.454,0.106,0.42,0.02,0.56
lognormal_sigma_0.5,lognormal,30,1000,0.0,0.934,0.066,1.1478826919874696,2.233385405062448,1.2177125208511117,6.669456586329012,0.028566666666666664,0.06666666666666667,0.254,0.595,0.151,0.242,0.012,0.746
lognormal_sigma_0.5,lognormal,40,1000,0.0,0.946,0.054,1.1656930496650113,2.2418273660408374,1.3403363386074565,6.844371037515756,0.026050000000000004,0.075,0.142,0.714,0.144,0.136,0.237,0.627
lognormal_sigma_0.5,lognormal,50,1000,0.0,0.938,0.062,1.2788379940636352,2.139329145470033,1.7641300211770177,6.704712324336416,0.026340000000000002,0.06,0.065,0.8,0.135,0.063,0.237,0.7
lognormal_sigma_0.5,lognormal,80,1000,0.0,0.949,0.051,1.353019470719598,2.3010273778339685,2.323006772530036,8.116112421310804,0.0246625,0.05,0.004,0.84,0.156,0.004,0.839,0.157
lognormal_sigma_0.5,lognormal,100,1000,0.0,0.944,0.056,1.3904615335990158,2.2443317856489053,2.4891254908274103,7.846862174516003,0.025250000000000005,0.05,0.001,0.844,0.155,0.0,0.845,0.155
lognormal_sigma_0.5,lognormal,200,1000,0.0,0.941,0.059,1.5083053819127106,2.291579155268149,3.258247854711365,9.20557621189932,0.024220000000000005,0.04,0.0,0.806,0.194,0.0,0.818,0.182
lognormal_sigma_1.0,lognormal,10,1000,0.0,0.818,0.182,1.406630839892208,2.5760562396184907,1.5856661830012326,7.141953522897191,0.087,0.2,0.273,0.472,0.255,0.258,0.015,0.727
lognormal_sigma_1.0,lognormal,20,1000,0.0,0.856,0.144,1.8260532078756506,3.274424090501466,3.278554166081239,12.086500265792237,0.0829,0.15,0.05,0.515,0.435,0.05,0.0,0.95
lognormal_sigma_1.0,lognormal,30,1000,0.0,0.898,0.102,2.1274218186109337,3.6785722933891205,4.795455183526128,15.85623635197566,0.07963333333333333,0.13333333333333333,0.007,0.435,0.558,0.007,0.0,0.993
lognormal_sigma_1.0,lognormal,40,1000,0.0,0.896,0.104,2.3162196731752815,4.221455585862683,6.061643281408636,21.298640813096746,0.07992500000000001,0.125,0.002,0.341,0.657,0.002,0.029,0.969
lognormal_sigma_1.0,lognormal,50,1000,0.0,0.912,0.088,2.3981133743240406,4.0972603489437445,6.709488078339069,20.672741452215103,0.0816,0.14,0.0,0.315,0.685,0.0,0.004,0.996
lognormal_sigma_1.0,lognormal,80,1000,0.0,0.912,0.088,2.7547843438726503,4.832216101649561,9.38592114246216,29.70226488143217,0.0809375,0.125,0.0,0.179,0.821,0.0,0.156,0.844
lognormal_sigma_1.0,lognormal,100,1000,0.0,0.915,0.085,2.887837317547331,4.885091999589833,10.699119782225102,31.96683328422378,0.08007000000000002,0.12,0.0,0.12,0.88,0.0,0.106,0.894
lognormal_sigma_1.0,lognormal,200,1000,0.0,0.938,0.062,3.368438752514956,6.054178818522111,15.578538032822633,51.76471234155357,0.07894499999999999,0.105,0.0,0.027,0.973,0.0,0.025,0.975
lognormal_sigma_1.25,lognormal,10,1000,0.0,0.793,0.207,1.6443735004801332,2.849821796800581,2.345411848009503,8.465953768061866,0.1096,0.2,0.18,0.456,0.364,0.175,0.005,0.82
lognormal_sigma_1.25,lognormal,20,1000,0.0,0.805,0.195,2.20968420016105,3.7385065637369603,5.051949274963718,15.125545736610299,0.1096,0.2,0.019,0.389,0.592,0.018,0.001,0.981
lognormal_sigma_1.25,lognormal,30,1000,0.0,0.839,0.161,2.551146262072767,4.324978008414563,7.037066182677179,20.70735789149231,0.11053333333333333,0.2,0.001,0.289,0.71,0.001,0.0,0.999
lognormal_sigma_1.25,lognormal,40,1000,0.0,0.826,0.174,2.737866299587229,4.764834499994629,8.502311306729217,25.918723890007616,0.109325,0.175,0.0,0.228,0.772,0.0,0.005,0.995
lognormal_sigma_1.25,lognormal,50,1000,0.0,0.852,0.148,3.0608666443436836,5.143890968427375,10.583654034805098,30.312068686605397,0.10666000000000002,0.16,0.0,0.141,0.859,0.0,0.0,1.0
lognormal_sigma_1.25,lognormal,80,1000,0.0,0.885,0.115,3.471527671080426,5.939990361203016,14.54205028425062,41.96495983346068,0.11045,0.1625,0.0,0.064,0.936,0.0,0.032,0.968
lognormal_sigma_1.25,lognormal,100,1000,0.0,0.888,0.112,3.716809713246456,6.7343405239922784,16.862796915323834,53.86347771250778,0.10939000000000002,0.15,0.0,0.034,0.966,0.0,0.02,0.98
lognormal_sigma_1.25,lognormal,200,1000,0.0,0.896,0.104,4.331612833377873,7.620941528810486,24.63550210026947,75.04709494554555,0.109175,0.14,0.0,0.003,0.997,0.0,0.002,0.998
mixture_skewed_10pct,mixture,10,1000,0.1,0.883,0.117,1.1580300127400984,2.1798122278000878,1.3503200146275565,5.766797336881864,0.0669,0.2,0.402,0.437,0.161,0.374,0.028,0.598
mixture_skewed_10pct,mixture,20,1000,0.1,0.911,0.089,1.3857320341583583,2.0787464349812965,2.151299964099501,5.906826643128935,0.06765,0.15,0.172,0.703,0.125,0.146,0.026,0.828
mixture_skewed_10pct,mixture,30,1000,0.1,0.928,0.072,1.4979774985599001,2.066092551038299,2.434872373332122,5.632364447766518,0.07056666666666667,0.13333333333333333,0.057,0.815,0.128,0.05,0.007,0.943
mixture_skewed_10pct,mixture,40,1000,0.1,0.937,0.063,1.4919915898705067,1.972222059830657,2.473804345768023,5.308408951400884,0.07295,0.125,0.024,0.882,0.094,0.02,0.042,0.938
mixture_skewed_10pct,mixture,50,1000,0.1,0.945,0.055,1.5140303998628024,1.9739064905912513,2.6560287558817173,5.2972101640293445,0.07142,0.12,0.009,0.894,0.097,0.006,0.028,0.966
mixture_skewed_10pct,mixture,80,1000,0.1,0.951,0.049,1.4975482785484258,1.8353705378954184,2.435439829940856,4.397878226924717,0.0746375,0.1125,0.0,0.973,0.027,0.0,0.841,0.159
mixture_skewed_10pct,mixture,100,1000,0.1,0.94,0.06,1.5370962380415518,1.865018379471298,2.6034346827952026,4.429552730486059,0.07541,0.11,0.0,0.956,0.044,0.0,0.83,0.17
mixture_skewed_10pct,mixture,200,1000,0.1,0.941,0.059,1.5288562664175847,1.7445280493906108,2.478328222377016,3.65442664206241,0.078455,0.1,0.0,0.998,0.002,0.0,0.905,0.095
mixture_symmetric_5pct_wide,mixture,10,1000,0.05,0.967,0.033,0.674106853581238,2.683184479893282,1.2538941024754178,7.826687683118657,0.0435,0.1,0.609,0.179,0.212,0.58,0.029,0.391
mixture_symmetric_5pct_wide,mixture,20,1000,0.05,0.972,0.028,0.9582456498441624,3.5322331918731527,2.4229166681220495,14.3297953156576,0.03755000000000001,0.1,0.457,0.172,0.371,0.421,0.036,0.543
mixture_symmetric_5pct_wide,mixture,30,1000,0.05,0.968,0.032,1.331811155360071,3.964374950694278,4.93642157612707,19.288832655433318,0.032466666666666665,0.06666666666666667,0.376,0.174,0.45,0.336,0.04,0.624
mixture_symmetric_5pct_wide,mixture,40,1000,0.05,0.964,0.036,1.8487593143737233,4.3201849403258885,9.121808492439838,23.596679880748407,0.033775000000000006,0.075,0.246,0.165,0.589,0.226,0.055,0.719
mixture_symmetric_5pct_wide,mixture,50,1000,0.05,0.962,0.038,1.9717665064162042,4.367015658010709,11.151212035730609,25.79895173140553,0.034080000000000006,0.06,0.186,0.173,0.641,0.169,0.059,0.772
mixture_symmetric_5pct_wide,mixture,80,1000,0.05,0.96,0.04,2.133197588984184,4.581341544717718,15.26299237553684,32.395626880651214,0.0327625,0.0625,0.055,0.135,0.81,0.046,0.144,0.81
mixture_symmetric_5pct_wide,mixture,100,1000,0.05,0.958,0.042,2.1500838670232563,4.620641808453757,16.828608471853208,34.392236955259904,0.03342,0.06,0.042,0.087,0.871,0.036,0.093,0.871
mixture_symmetric_5pct_wide,mixture,200,1000,0.05,0.952,0.048,1.9152895774472403,4.240710490924315,22.52362674925739,38.43420095127461,0.03261500000000001,0.05,0.001,0.02,0.979,0.001,0.403,0.596
normal,normal,10,1000,0.0,0.952,0.048,0.4270339714674589,1.1308310363160283,0.8000300942481124,1.9084791890762423,0.015400000000000002,0.1,0.852,0.141,0.007,0.809,0.043,0.148
normal,normal,20,1000,0.0,0.951,0.049,0.33584333165906943,0.8675980494569934,0.615928487652754,1.395584825655356,0.00685,0.05,0.905,0.094,0.001,0.854,0.051,0.095
normal,normal,30,1000,0.0,0.942,0.058,0.28456382283853654,0.7227377207215078,0.504412974415761,1.174649878589711,0.004633333333333334,0.03333333333333333,0.921,0.079,0.0,0.858,0.063,0.079
normal,normal,40,1000,0.0,0.951,0.049,0.24791530523215566,0.6371924191930203,0.4546962911106365,0.9563086108859187,0.0026,0.0,0.933,0.067,0.0,0.882,0.101,0.017
normal,normal,50,1000,0.0,0.956,0.044,0.21126906187870284,0.5312530477912722,0.41952425780997427,0.9291325499297889,0.0023,0.0,0.919,0.081,0.0,0.862,0.126,0.012
normal,normal,80,1000,0.0,0.946,0.054,0.1735295571610756,0.4649213307183281,0.3419595373538906,0.8121276473823718,0.0013375,0.0,0.912,0.087,0.001,0.854,0.145,0.001
normal,normal,100,1000,0.0,0.953,0.047,0.15161624992803452,0.37118539548553625,0.29781193997914923,0.7077888123277073,0.0011,0.0,0.926,0.074,0.0,0.867,0.133,0.0
normal,normal,200,1000,0.0,0.957,0.043,0.10900641410529523,0.27341317301649054,0.21937580299687753,0.5053494217208235,0.00072,0.005,0.931,0.069,0.0,0.839,0.161,0.0
outliers_positive_10pct,contamination,10,1000,0.1,0.713,0.287,1.6228650720943887,2.8698833751378348,1.5819393698051876,8.653436550001336,0.10520000000000002,0.2,0.288,0.319,0.393,0.267,0.021,0.712
outliers_positive_10pct,contamination,20,1000,0.1,0.873,0.127,2.3493999900929046,3.5276303064226835,5.22828392389129,14.312666705824048,0.09965,0.2,0.118,0.292,0.59,0.112,0.006,0.882
outliers_positive_10pct,contamination,30,1000,0.1,0.92,0.08,2.415852966324837,3.415238310704575,5.142294103098237,15.501181520027277,0.10130000000000002,0.16666666666666666,0.032,0.267,0.701,0.027,0.005,0.968
outliers_positive_10pct,contamination,40,1000,0.1,0.923,0.077,2.378280924981774,3.356364991366758,4.84826632196681,12.609521165392886,0.10185,0.15,0.013,0.254,0.733,0.012,0.002,0.986
outliers_positive_10pct,contamination,50,1000,0.1,0.943,0.057,2.354587372113713,3.213075542525899,4.692412263802209,11.027223970551297,0.09916000000000003,0.16,0.007,0.231,0.762,0.006,0.001,0.993
outliers_positive_10pct,contamination,80,1000,0.1,0.941,0.059,2.3224738076886666,2.966581932260112,4.490349163177413,9.02833395095772,0.100575,0.15,0.001,0.194,0.805,0.001,0.001,0.998
outliers_positive_10pct,contamination,100,1000,0.1,0.942,0.058,2.305564972345395,2.898858302342086,4.364904388754077,8.51889399322108,0.10228000000000002,0.14,0.0,0.215,0.785,0.0,0.0,1.0
outliers_positive_10pct,contamination,200,1000,0.1,0.942,0.058,2.290815174926439,2.7086509887145427,4.244223485011683,6.91703199871596,0.10119,0.13,0.0,0.15,0.85,0.0,0.0,1.0
outliers_positive_1pct,contamination,10,1000,0.01,0.952,0.048,0.5073732127456355,1.779145066119186,0.9117687782720632,4.335920786650117,0.0259,0.1,0.776,0.13,0.094,0.727,0.049,0.224
outliers_positive_1pct,contamination,20,1000,0.01,0.936,0.064,0.394478981322455,3.303673293217752,0.7174660412260683,13.033641405325884,0.01535,0.05,0.769,0.063,0.168,0.723,0.046,0.231
outliers_positive_1pct,contamination,30,1000,0.01,0.93,0.07,0.4508432611201001,3.690738355242089,0.7264512197271225,17.363503679716025,0.013866666666666668,0.03333333333333333,0.657,0.067,0.276,0.627,0.03,0.343
outliers_positive_1pct,contamination,40,1000,0.01,0.942,0.058,0.4156386809945226,3.9228082082629587,0.7770883629527181,20.843128857116152,0.012925,0.025,0.599,0.059,0.342,0.574,0.071,0.355
outliers_positive_1pct,contamination,50,1000,0.01,0.933,0.067,0.445936092384938,4.036789431607551,0.6913815114831725,23.311053843367304,0.011519999999999999,0.04,0.578,0.041,0.381,0.549,0.062,0.389
outliers_positive_1pct,contamination,80,1000,0.01,0.924,0.076,2.701371377050547,4.128940896956945,13.66432811521053,27.20334434027781,0.010324999999999999,0.025,0.432,0.04,0.528,0.408,0.064,0.528
outliers_positive_1pct,contamination,100,1000,0.01,0.927,0.073,3.041407376361819,4.078529232609446,16.19019983174373,26.744661703673493,0.01111,0.03,0.363,0.03,0.607,0.329,0.064,0.607
outliers_positive_1pct,contamination,200,1000,0.01,0.941,0.059,3.3291269525253107,3.9809951065817506,20.753294007789023,27.859083795457586,0.010920000000000001,0.02,0.122,0.007,0.871,0.107,0.065,0.828
outliers_positive_5pct,contamination,10,1000,0.05,0.821,0.179,0.8371200138753141,2.799094442302795,1.3332609118401346,8.374849403073139,0.060700000000000004,0.2,0.524,0.175,0.301,0.5,0.024,0.476
outliers_positive_5pct,contamination,20,1000,0.05,0.782,0.218,2.3561741214331438,3.5310714620876236,5.250386353814508,14.348046004302565,0.05485000000000001,0.1,0.338,0.101,0.561,0.321,0.017,0.662
outliers_positive_5pct,contamination,30,1000,0.05,0.834,0.166,2.8226115153750553,3.7980278604833835,8.577253963240047,18.03208358365843,0.05159999999999999,0.1,0.213,0.042,0.745,0.204,0.009,0.787
outliers_positive_5pct,contamination,40,1000,0.05,0.888,0.112,2.958788217109674,3.9101506267889388,10.528729195483184,20.673188158574888,0.051250000000000004,0.1,0.111,0.025,0.864,0.107,0.01,0.883
outliers_positive_5pct,contamination,50,1000,0.05,0.898,0.102,3.0477801378259226,3.8705289518444883,10.14427314195142,21.615224593398906,0.050980000000000004,0.1,0.077,0.016,0.907,0.072,0.008,0.92
outliers_positive_5pct,contamination,80,1000,0.05,0.918,0.082,3.1210449543955576,3.8175329979462713,11.12149144569609,19.891132822238312,0.050425000000000005,0.0875,0.021,0.008,0.971,0.019,0.003,0.978
outliers_positive_5pct,contamination,100,1000,0.05,0.933,0.067,3.1291128263187646,3.724335862031475,11.045241303882499,18.66510489469635,0.050460000000000005,0.08,0.01,0.003,0.987,0.009,0.001,0.99
outliers_positive_5pct,contamination,200,1000,0.05,0.945,0.055,3.104341316931981,3.5300901953599544,10.456771846551794,15.464645570666349,0.05061000000000001,0.07,0.0,0.0,1.0,0.0,0.0,1.0
student_t_df_10,student_t,10,1000,0.0,0.946,0.054,0.5267730244094967,1.3377232171473132,0.9203665238972778,2.678457362889284,0.023200000000000002,0.1,0.776,0.203,0.021,0.728,0.048,0.224
student_t_df_10,student_t,20,1000,0.0,0.936,0.064,0.3918133197627691,1.05400828927056,0.6487396299019488,1.9531977041949,0.0108,0.05,0.852,0.144,0.004,0.778,0.074,0.148
student_t_df_10,student_t,30,1000,0.0,0.949,0.051,0.33809614141557953,0.9013563668114888,0.5724343282565587,1.9991585298404368,0.008333333333333333,0.03333333333333333,0.842,0.151,0.007,0.767,0.075,0.158
student_t_df_10,student_t,40,1000,0.0,0.946,0.054,0.3208633477251899,0.86940352508147,0.5588915953038729,2.030634853184878,0.007125,0.025,0.826,0.166,0.008,0.735,0.175,0.09
student_t_df_10,student_t,50,1000,0.0,0.953,0.047,0.3074540150200562,0.8552287826739666,0.5519942150799799,2.29064519973243,0.00754,0.02,0.766,0.226,0.008,0.665,0.234,0.101
student_t_df_10,student_t,80,1000,0.0,0.948,0.052,0.2602024119161088,0.6971826057581431,0.5339119507553138,2.122601679827375,0.0066125,0.025,0.709,0.288,0.003,0.58,0.417,0.003
student_t_df_10,student_t,100,1000,0.0,0.95,0.05,0.22901455840751023,0.607107453298595,0.5475524272933296,2.021273149094622,0.00592,0.02,0.7,0.294,0.006,0.549,0.445,0.006
student_t_df_10,student_t,200,1000,0.0,0.963,0.037,0.1919146309036157,0.5013257372740227,0.6950680419709929,1.9796475384185293,0.005595,0.015,0.554,0.44,0.006,0.346,0.654,0.0
student_t_df_3,student_t,10,1000,0.0,0.966,0.034,0.7430020830805613,1.9057111944359977,1.1283255327145916,4.687040029106388,0.04359999999999999,0.1,0.624,0.289,0.087,0.556,0.068,0.376
student_t_df_3,student_t,20,1000,0.0,0.953,0.047,0.6941860086193468,2.1289322368735424,1.3098909595956791,7.034963403065844,0.03435,0.1,0.593,0.284,0.123,0.481,0.112,0.407
student_t_df_3,student_t,30,1000,0.0,0.96,0.04,0.7218162175010152,2.4396484377552863,1.9032296606176513,9.87428222431298,0.033933333333333336,0.06666666666666667,0.461,0.36,0.179,0.341,0.12,0.539
student_t_df_3,student_t,40,1000,0.0,0.96,0.04,0.6695951503595424,2.6046241707054976,2.1879871145362824,12.093652038389335,0.031575000000000006,0.075,0.391,0.419,0.19,0.291,0.197,0.512
student_t_df_3,student_t,50,1000,0.0,0.955,0.045,0.7295328995498493,2.6483840227249726,2.5477139715950146,13.880687485673679,0.03128,0.06,0.31,0.47,0.22,0.199,0.239,0.562
student_t_df_3,student_t,80,1000,0.0,0.954,0.046,0.6916082174205913,2.5748186266155493,3.326229475334218,14.588779122998227,0.0289375,0.05,0.168,0.569,0.263,0.1,0.636,0.264
student_t_df_3,student_t,100,1000,0.0,0.947,0.053,0.7483433190428124,2.91071997721344,4.154243958876415,19.345340108555952,0.030840000000000003,0.06,0.102,0.575,0.323,0.057,0.62,0.323
student_t_df_3,student_t,200,1000,0.0,0.952,0.048,0.6862901170641865,2.9181853487453244,5.858124089337036,25.57930025413288,0.028890000000000002,0.045,0.006,0.551,0.443,0.002,0.814,0.184
student_t_df_30,student_t,10,1000,0.0,0.94,0.06,0.4855368875896276,1.1902828695332397,0.8810063888312636,2.046970379526587,0.0181,0.1,0.834,0.155,0.011,0.789,0.045,0.166
student_t_df_30,student_t,20,1000,0.0,0.951,0.049,0.3429571514576411,0.8735351226164121,0.6215840138810143,1.5476803374338324,0.00715,0.05,0.903,0.097,0.0,0.851,0.052,0.097
student_t_df_30,student_t,30,1000,0.0,0.94,0.06,0.2901297628372532,0.755896140916873,0.5071128586399316,1.3028008366580262,0.005066666666666666,0.03333333333333333,0.898,0.102,0.0,0.831,0.067,0.102
student_t_df_30,student_t,40,1000,0.0,0.959,0.041,0.2612125153784798,0.6784070982969747,0.4795905071547548,1.2992565232463666,0.004550000000000001,0.025,0.89,0.108,0.002,0.829,0.136,0.035
student_t_df_30,student_t,50,1000,0.0,0.957,0.043,0.24882108044588558,0.6839217077606599,0.44854373370249934,1.2262655906710946,0.0038799999999999998,0.02,0.861,0.139,0.0,0.787,0.178,0.035
student_t_df_30,student_t,80,1000,0.0,0.946,0.054,0.20704918792180635,0.5033409156206659,0.34820795797477455,1.0709957897408748,0.0027,0.0125,0.863,0.137,0.0,0.792,0.208,0.0
student_t_df_30,student_t,100,1000,0.0,0.945,0.055,0.17674212058981023,0.4197295128649224,0.34415010263531154,0.979404337509763,0.00203,0.01,0.889,0.111,0.0,0.796,0.204,0.0
student_t_df_30,student_t,200,1000,0.0,0.946,0.054,0.12994582833017143,0.31699054867059073,0.25452796032798086,0.7655803554301821,0.0016600000000000002,0.005,0.873,0.127,0.0,0.709,0.291,0.0
student_t_df_5,student_t,10,1000,0.0,0.963,0.037,0.539595165671706,1.4831025399560644,0.8994485879344536,3.0774950050658108,0.0286,0.1,0.758,0.206,0.036,0.689,0.069,0.242
student_t_df_5,student_t,20,1000,0.0,0.943,0.057,0.4902162901677958,1.477937829410777,0.7892626253172292,4.057373494334481,0.021,0.05,0.736,0.224,0.04,0.641,0.095,0.264
student_t_df_5,student_t,30,1000,0.0,0.948,0.052,0.4533338327808834,1.3174594011109895,0.7897294274479212,3.80190739565432,0.01743333333333333,0.06666666666666667,0.717,0.244,0.039,0.603,0.114,0.283
student_t_df_5,student_t,40,1000,0.0,0.954,0.046,0.42614107928833433,1.341138828326278,0.9302299885183158,4.330552355004965,0.01695,0.05,0.625,0.33,0.045,0.501,0.221,0.278
student_t_df_5,student_t,50,1000,0.0,0.958,0.042,0.4191577779255139,1.2409094729407624,1.049800572817794,4.531810390746387,0.0155,0.04,0.574,0.382,0.044,0.454,0.264,0.282
student_t_df_5,student_t,80,1000,0.0,0.95,0.05,0.4038989407473246,1.2525870580956646,1.408165726188964,5.407767238465453,0.014712500000000002,0.0375,0.43,0.504,0.066,0.306,0.628,0.066
student_t_df_5,student_t,100,1000,0.0,0.934,0.066,0.3929608413349333,1.2016197294949673,1.6087041796520012,5.90508388304038,0.01449,0.03,0.367,0.565,0.068,0.232,0.7,0.068
student_t_df_5,student_t,200,1000,0.0,0.943,0.057,0.31405129592722514,1.1079939807085026,1.865133339609601,6.598474357298383,0.013580000000000002,0.025,0.18,0.728,0.092,0.085,0.886,0.029
