policy,scenario,distribution_family,n,level,total_replications,conditional_denominator,classification_rate,classification_ci95_lower,classification_ci95_upper,type_i_error,type_i_ci95_lower,type_i_ci95_upper,ci_coverage,coverage_ci95_lower,coverage_ci95_upper
v2,bimodal_symmetric,bimodal,300,acceptable,10000,10000,1.0,0.9996160016293234,1.0,0.0494,0.04532304560552551,0.05382301372612823,0.9506,0.9461769862738717,0.9546769543944745
v2,bimodal_symmetric,bimodal,300,caution,10000,0,0.0,0.0,0.00038399837067659573,,,,,,
v2,bimodal_symmetric,bimodal,300,insufficient,10000,0,0.0,0.0,0.00038399837067659573,,,,,,
v3_default,bimodal_symmetric,bimodal,300,acceptable,10000,0,0.0,0.0,0.00038399837067659573,,,,,,
v3_default,bimodal_symmetric,bimodal,300,caution,10000,10000,1.0,0.9996160016293234,1.0,0.0494,0.04532304560552551,0.05382301372612823,0.9506,0.9461769862738717,0.9546769543944745
v3_default,bimodal_symmetric,bimodal,300,insufficient,10000,0,0.0,0.0,0.00038399837067659573,,,,,,
v3_oracle_simulation_truth,bimodal_symmetric,bimodal,300,acceptable,10000,10000,1.0,0.9996160016293234,1.0,0.0494,0.04532304560552551,0.05382301372612823,0.9506,0.9461769862738717,0.9546769543944745
v3_oracle_simulation_truth,bimodal_symmetric,bimodal,300,caution,10000,0,0.0,0.0,0.00038399837067659573,,,,,,
v3_oracle_simulation_truth,bimodal_symmetric,bimodal,300,insufficient,10000,0,0.0,0.0,0.00038399837067659573,,,,,,
v2,contamination_asymmetric_eps_0p005,normal_contamination_asymmetric,100,acceptable,5000,2711,0.5422,0.5283632782389289,0.5559719277169084,0.08188860199188491,0.07214907599254508,0.09281137035898254,0.918111398008115,0.9071886296410174,0.9278509240074548
v2,contamination_asymmetric_eps_0p005,normal_contamination_asymmetric,100,caution,5000,278,0.0556,0.049582913854809285,0.06229941963395749,0.08633093525179857,0.05869931263435811,0.1252390583832123,0.9136690647482014,0.8747609416167877,0.9413006873656419
v2,contamination_asymmetric_eps_0p005,normal_contamination_asymmetric,100,insufficient,5000,2011,0.4022,0.38868875808366476,0.41586140441678854,0.018896071606166086,0.013797730551680102,0.02582894005863486,0.9811039283938339,0.9741710599413651,0.9862022694483199
v3_default,contamination_asymmetric_eps_0p005,normal_contamination_asymmetric,100,acceptable,5000,0,0.0,0.0,0.0007677019450571244,,,,,,
v3_default,contamination_asymmetric_eps_0p005,normal_contamination_asymmetric,100,caution,5000,3012,0.6024,0.5887610876239092,0.6158816870177432,0.08167330677290836,0.07241741214834437,0.09199489718259325,0.9183266932270916,0.9080051028174067,0.9275825878516556
v3_default,contamination_asymmetric_eps_0p005,normal_contamination_asymmetric,100,insufficient,5000,1988,0.3976,0.38411831298225696,0.4112389123760909,0.019114688128772636,0.01395771534751223,0.02612652854003377,0.9808853118712274,0.9738734714599663,0.9860422846524878
v3_oracle_simulation_truth,contamination_asymmetric_eps_0p005,normal_contamination_asymmetric,100,acceptable,5000,0,0.0,0.0,0.0007677019450571244,,,,,,
v3_oracle_simulation_truth,contamination_asymmetric_eps_0p005,normal_contamination_asymmetric,100,caution,5000,3012,0.6024,0.5887610876239092,0.6158816870177432,0.08167330677290836,0.07241741214834437,0.09199489718259325,0.9183266932270916,0.9080051028174067,0.9275825878516556
v3_oracle_simulation_truth,contamination_asymmetric_eps_0p005,normal_contamination_asymmetric,100,insufficient,5000,1988,0.3976,0.38411831298225696,0.4112389123760909,0.019114688128772636,0.01395771534751223,0.02612652854003377,0.9808853118712274,0.9738734714599663,0.9860422846524878
v2,contamination_asymmetric_eps_0p01,normal_contamination_asymmetric,100,acceptable,5000,1676,0.3352,0.3222463244282717,0.3484067101328192,0.1718377088305489,0.154532781443546,0.19064351824592732,0.8281622911694511,0.8093564817540727,0.8454672185564539
v2,contamination_asymmetric_eps_0p01,normal_contamination_asymmetric,100,caution,5000,168,0.0336,0.028952430871671923,0.038963681502677365,0.22023809523809523,0.1642172633580192,0.2887668963139308,0.7797619047619048,0.7112331036860692,0.8357827366419809
v2,contamination_asymmetric_eps_0p01,normal_contamination_asymmetric,100,insufficient,5000,3156,0.6312,0.6177306261174698,0.6444679288921473,0.012674271229404309,0.00932159865901627,0.017211839778741668,0.9873257287705957,0.9827881602212583,0.9906784013409837
v3_default,contamination_asymmetric_eps_0p01,normal_contamination_asymmetric,100,acceptable,5000,0,0.0,0.0,0.0007677019450571244,,,,,,
v3_default,contamination_asymmetric_eps_0p01,normal_contamination_asymmetric,100,caution,5000,1872,0.3744,0.3610865758941194,0.38790627083447904,0.1736111111111111,0.1571256852349515,0.19143333383681585,0.8263888888888888,0.8085666661631842,0.8428743147650485
v3_default,contamination_asymmetric_eps_0p01,normal_contamination_asymmetric,100,insufficient,5000,3128,0.6256,0.6120937291655211,0.6389134241058807,0.01278772378516624,0.009405160999955323,0.017365497707738303,0.9872122762148338,0.9826345022922617,0.9905948390000446
v3_oracle_simulation_truth,contamination_asymmetric_eps_0p01,normal_contamination_asymmetric,100,acceptable,5000,0,0.0,0.0,0.0007677019450571244,,,,,,
v3_oracle_simulation_truth,contamination_asymmetric_eps_0p01,normal_contamination_asymmetric,100,caution,5000,1872,0.3744,0.3610865758941194,0.38790627083447904,0.1736111111111111,0.1571256852349515,0.19143333383681585,0.8263888888888888,0.8085666661631842,0.8428743147650485
v3_oracle_simulation_truth,contamination_asymmetric_eps_0p01,normal_contamination_asymmetric,100,insufficient,5000,3128,0.6256,0.6120937291655211,0.6389134241058807,0.01278772378516624,0.009405160999955323,0.017365497707738303,0.9872122762148338,0.9826345022922617,0.9905948390000446
v2,contamination_asymmetric_eps_0p025,normal_contamination_asymmetric,100,acceptable,5000,359,0.0718,0.06496832668290924,0.0792891332628377,0.7409470752089137,0.6932446794291396,0.7835475828506009,0.2590529247910863,0.21645241714939922,0.3067553205708604
v2,contamination_asymmetric_eps_0p025,normal_contamination_asymmetric,100,caution,5000,35,0.007,0.005037635094103144,0.009719319023723182,0.7142857142857143,0.5494506513681738,0.836734637635653,0.2857142857142857,0.16326536236434688,0.45054934863182616
v2,contamination_asymmetric_eps_0p025,normal_contamination_asymmetric,100,insufficient,5000,4606,0.9212,0.9134045309031973,0.9283487569782867,0.0243161094224924,0.020248489117206957,0.029176520583447985,0.9756838905775076,0.970823479416552,0.979751510882793
v3_default,contamination_asymmetric_eps_0p025,normal_contamination_asymmetric,100,acceptable,5000,0,0.0,0.0,0.0007677019450571244,,,,,,
v3_default,contamination_asymmetric_eps_0p025,normal_contamination_asymmetric,100,caution,5000,412,0.0824,0.07509504921994331,0.0903461354445684,0.7160194174757282,0.6706377562618947,0.757409991802474,0.28398058252427183,0.24259000819752605,0.32936224373810535
v3_default,contamination_asymmetric_eps_0p025,normal_contamination_asymmetric,100,insufficient,5000,4588,0.9176,0.9096538645554316,0.9249049507800567,0.023539668700959023,0.01953506244026812,0.028341472669277057,0.976460331299041,0.971658527330723,0.9804649375597319
v3_oracle_simulation_truth,contamination_asymmetric_eps_0p025,normal_contamination_asymmetric,100,acceptable,5000,0,0.0,0.0,0.0007677019450571244,,,,,,
v3_oracle_simulation_truth,contamination_asymmetric_eps_0p025,normal_contamination_asymmetric,100,caution,5000,412,0.0824,0.07509504921994331,0.0903461354445684,0.7160194174757282,0.6706377562618947,0.757409991802474,0.28398058252427183,0.24259000819752605,0.32936224373810535
v3_oracle_simulation_truth,contamination_asymmetric_eps_0p025,normal_contamination_asymmetric,100,insufficient,5000,4588,0.9176,0.9096538645554316,0.9249049507800567,0.023539668700959023,0.01953506244026812,0.028341472669277057,0.976460331299041,0.971658527330723,0.9804649375597319
v2,contamination_symmetric_eps_0p1,normal_contamination_symmetric,100,acceptable,5000,5,0.001,0.00042721349110879964,0.002338953050058211,0.2,0.03622410863243014,0.6244653702374747,0.8,0.37553462976252533,0.9637758913675698
v2,contamination_symmetric_eps_0p1,normal_contamination_symmetric,100,caution,5000,47,0.0094,0.007076557215688711,0.012476711932801345,0.02127659574468085,0.0037657680385967812,0.11112981041629329,0.9787234042553191,0.8888701895837066,0.996234231961403
v2,contamination_symmetric_eps_0p1,normal_contamination_symmetric,100,insufficient,5000,4948,0.9896,0.9863882308917424,0.9920600353636577,0.048100242522231204,0.04248067706870444,0.054420942825840965,0.9518997574777688,0.945579057174159,0.9575193229312956
v3_default,contamination_symmetric_eps_0p1,normal_contamination_symmetric,100,acceptable,5000,0,0.0,0.0,0.0007677019450571244,,,,,,
v3_default,contamination_symmetric_eps_0p1,normal_contamination_symmetric,100,caution,5000,2735,0.547,0.5331714949227807,0.560756341094384,0.009506398537477149,0.006495699948254278,0.013893015375464626,0.9904936014625229,0.9861069846245353,0.9935043000517457
v3_default,contamination_symmetric_eps_0p1,normal_contamination_symmetric,100,insufficient,5000,2265,0.453,0.4392436589056161,0.4668285050772194,0.09448123620309051,0.08311267257423478,0.10722299726369129,0.9055187637969095,0.8927770027363088,0.9168873274257653
v3_oracle_simulation_truth,contamination_symmetric_eps_0p1,normal_contamination_symmetric,100,acceptable,5000,5,0.001,0.00042721349110879964,0.002338953050058211,0.2,0.03622410863243014,0.6244653702374747,0.8,0.37553462976252533,0.9637758913675698
v3_oracle_simulation_truth,contamination_symmetric_eps_0p1,normal_contamination_symmetric,100,caution,5000,4995,0.999,0.9976610469499418,0.9995727865088913,0.047847847847847846,0.042268171169790474,0.05412245509631403,0.9521521521521521,0.9458775449036859,0.9577318288302096
v3_oracle_simulation_truth,contamination_symmetric_eps_0p1,normal_contamination_symmetric,100,insufficient,5000,0,0.0,0.0,0.0007677019450571244,,,,,,
v2,lognormal_sigma_0.25,lognormal,20,acceptable,10000,7388,0.7388,0.7300995657828826,0.7473170365952821,0.06199242014076881,0.05671810293083445,0.0677219928078324,0.9380075798592312,0.9322780071921676,0.9432818970691655
v2,lognormal_sigma_0.25,lognormal,20,caution,10000,0,0.0,0.0,0.00038399837067659573,,,,,,
v2,lognormal_sigma_0.25,lognormal,20,insufficient,10000,2612,0.2612,0.2526829634047178,0.26990043421711724,0.03637059724349158,0.02984503269315615,0.044257875251457635,0.9636294027565084,0.9557421247485424,0.9701549673068438
v3_default,lognormal_sigma_0.25,lognormal,20,acceptable,10000,0,0.0,0.0,0.00038399837067659573,,,,,,
v3_default,lognormal_sigma_0.25,lognormal,20,caution,10000,9983,0.9983,0.9972790145849042,0.9989382926388795,0.05539417008915156,0.05107559877112873,0.06005477847546779,0.9446058299108484,0.9399452215245322,0.9489244012288712
v3_default,lognormal_sigma_0.25,lognormal,20,insufficient,10000,17,0.0017,0.0010617073611205116,0.0027209854150957837,0.0,0.0,0.1843181350088518,1.0,0.8156818649911483,1.0
v3_oracle_simulation_truth,lognormal_sigma_0.25,lognormal,20,acceptable,10000,0,0.0,0.0,0.00038399837067659573,,,,,,
v3_oracle_simulation_truth,lognormal_sigma_0.25,lognormal,20,caution,10000,9983,0.9983,0.9972790145849042,0.9989382926388795,0.05539417008915156,0.05107559877112873,0.06005477847546779,0.9446058299108484,0.9399452215245322,0.9489244012288712
v3_oracle_simulation_truth,lognormal_sigma_0.25,lognormal,20,insufficient,10000,17,0.0017,0.0010617073611205116,0.0027209854150957837,0.0,0.0,0.1843181350088518,1.0,0.8156818649911483,1.0
v2,lognormal_sigma_0.50,lognormal,50,acceptable,10000,2541,0.2541,0.24566275758583964,0.26272609281285897,0.10153482880755609,0.09038610546902545,0.11388652496100302,0.898465171192444,0.8861134750389971,0.9096138945309745
v2,lognormal_sigma_0.50,lognormal,50,caution,10000,470,0.047,0.04302305617019257,0.051324846353640416,0.07021276595744681,0.050429226824068356,0.09696492267588658,0.9297872340425531,0.9030350773241134,0.9495707731759315
v2,lognormal_sigma_0.50,lognormal,50,insufficient,10000,6989,0.6989,0.689833962776364,0.7078132826717808,0.04034912004578624,0.035982658711545094,0.04522059209352287,0.9596508799542137,0.9547794079064771,0.964017341288455
v3_default,lognormal_sigma_0.50,lognormal,50,acceptable,10000,0,0.0,0.0,0.00038399837067659573,,,,,,
v3_default,lognormal_sigma_0.50,lognormal,50,caution,10000,9169,0.9169,0.9113284279112934,0.9221513942472366,0.06020285745446614,0.055515878084497185,0.0652581987153785,0.9397971425455338,0.9347418012846215,0.9444841219155028
v3_default,lognormal_sigma_0.50,lognormal,50,insufficient,10000,831,0.0831,0.07784860575276353,0.0886715720887066,0.02527075812274368,0.016587131102401426,0.038323245396449324,0.9747292418772563,0.9616767546035506,0.9834128688975986
v3_oracle_simulation_truth,lognormal_sigma_0.50,lognormal,50,acceptable,10000,0,0.0,0.0,0.00038399837067659573,,,,,,
v3_oracle_simulation_truth,lognormal_sigma_0.50,lognormal,50,caution,10000,9169,0.9169,0.9113284279112934,0.9221513942472366,0.06020285745446614,0.055515878084497185,0.0652581987153785,0.9397971425455338,0.9347418012846215,0.9444841219155028
v3_oracle_simulation_truth,lognormal_sigma_0.50,lognormal,50,insufficient,10000,831,0.0831,0.07784860575276353,0.0886715720887066,0.02527075812274368,0.016587131102401426,0.038323245396449324,0.9747292418772563,0.9616767546035506,0.9834128688975986
v2,lognormal_sigma_1.00,lognormal,30,acceptable,10000,460,0.046,0.04206559125734039,0.05028307926323395,0.3826086956521739,0.33933981581774275,0.4278220065114051,0.6173913043478261,0.5721779934885949,0.6606601841822572
v2,lognormal_sigma_1.00,lognormal,30,caution,10000,0,0.0,0.0,0.00038399837067659573,,,,,,
v2,lognormal_sigma_1.00,lognormal,30,insufficient,10000,9540,0.954,0.949716920736766,0.9579344087426596,0.09979035639412998,0.09393612831177015,0.1059667584925168,0.90020964360587,0.8940332415074831,0.9060638716882298
v3_default,lognormal_sigma_1.00,lognormal,30,acceptable,10000,0,0.0,0.0,0.00038399837067659573,,,,,,
v3_default,lognormal_sigma_1.00,lognormal,30,caution,10000,6465,0.6465,0.6370756447329917,0.6558118437444,0.15375096674400618,0.14516409821756743,0.1627490685373058,0.8462490332559938,0.8372509314626941,0.8548359017824325
v3_default,lognormal_sigma_1.00,lognormal,30,insufficient,10000,3535,0.3535,0.3441881562555999,0.3629243552670082,0.03790664780763791,0.032096363820560546,0.04472014858440158,0.9620933521923621,0.9552798514155985,0.9679036361794395
v3_oracle_simulation_truth,lognormal_sigma_1.00,lognormal,30,acceptable,10000,0,0.0,0.0,0.00038399837067659573,,,,,,
v3_oracle_simulation_truth,lognormal_sigma_1.00,lognormal,30,caution,10000,6465,0.6465,0.6370756447329917,0.6558118437444,0.15375096674400618,0.14516409821756743,0.1627490685373058,0.8462490332559938,0.8372509314626941,0.8548359017824325
v3_oracle_simulation_truth,lognormal_sigma_1.00,lognormal,30,insufficient,10000,3535,0.3535,0.3441881562555999,0.3629243552670082,0.03790664780763791,0.032096363820560546,0.04472014858440158,0.9620933521923621,0.9552798514155985,0.9679036361794395
v2,normal,normal,3,acceptable,5000,1934,0.3868,0.37339262649632116,0.4003811812240398,0.055842812823164424,0.04646205245335585,0.06698451347700789,0.9441571871768356,0.933015486522992,0.9535379475466441
v2,normal,normal,3,caution,5000,0,0.0,0.0,0.0007677019450571244,,,,,,
v2,normal,normal,3,insufficient,5000,3066,0.6132,0.5996188187759601,0.6266073735036788,0.04957599478147423,0.04244033189455532,0.0578389375563674,0.9504240052185258,0.9421610624436325,0.9575596681054446
v3_default,normal,normal,3,acceptable,5000,0,0.0,0.0,0.0007677019450571244,,,,,,
v3_default,normal,normal,3,caution,5000,5000,1.0,0.9992322980549431,1.0000000000000002,0.052,0.04618252452365877,0.058505336419112416,0.948,0.9414946635808875,0.9538174754763412
v3_default,normal,normal,3,insufficient,5000,0,0.0,0.0,0.0007677019450571244,,,,,,
v3_oracle_simulation_truth,normal,normal,3,acceptable,5000,1220,0.244,0.23229476727826517,0.25609829611760415,0.054098360655737705,0.04274731447758981,0.06824864651199157,0.9459016393442623,0.9317513534880084,0.9572526855224102
v3_oracle_simulation_truth,normal,normal,3,caution,5000,3780,0.756,0.7439017038823958,0.7677052327217349,0.051322751322751325,0.04473286438269887,0.05882365696870548,0.9486772486772487,0.9411763430312946,0.9552671356173011
v3_oracle_simulation_truth,normal,normal,3,insufficient,5000,0,0.0,0.0,0.0007677019450571244,,,,,,
v2,normal,normal,30,acceptable,5000,4486,0.8972,0.8884748673840587,0.905315270190788,0.049041462327240305,0.04309875453229187,0.05575584042199722,0.9509585376727597,0.9442441595780029,0.9569012454677082
v2,normal,normal,30,caution,5000,0,0.0,0.0,0.0007677019450571244,,,,,,
v2,normal,normal,30,insufficient,5000,514,0.1028,0.09468472980921208,0.1115251326159413,0.033073929961089495,0.020750590305207865,0.05232478474659339,0.9669260700389105,0.9476752152534066,0.979249409694792
v3_default,normal,normal,30,acceptable,5000,0,0.0,0.0,0.0007677019450571244,,,,,,
v3_default,normal,normal,30,caution,5000,5000,1.0,0.9992322980549431,1.0000000000000002,0.0474,0.04184958432057469,0.05364533948009102,0.9526,0.946354660519909,0.9581504156794253
v3_default,normal,normal,30,insufficient,5000,0,0.0,0.0,0.0007677019450571244,,,,,,
v3_oracle_simulation_truth,normal,normal,30,acceptable,5000,4027,0.8054,0.7941938739250041,0.8161372137269551,0.04891979140799603,0.04267693765501232,0.05602241901407655,0.9510802085920039,0.9439775809859234,0.9573230623449878
v3_oracle_simulation_truth,normal,normal,30,caution,5000,973,0.1946,0.1838627862730449,0.20580612607499602,0.041109969167523124,0.030333761709405223,0.055495374701239074,0.9588900308324769,0.944504625298761,0.969666238290595
v3_oracle_simulation_truth,normal,normal,30,insufficient,5000,0,0.0,0.0,0.0007677019450571244,,,,,,
v2,normal,normal,10000,acceptable,5000,44,0.0088,0.006562037439973316,0.011792152950850806,0.09090909090909091,0.03592219322731624,0.21159239166598612,0.9090909090909091,0.7884076083340138,0.9640778067726837
v2,normal,normal,10000,caution,5000,4956,0.9912,0.9882078470491492,0.9934379625600268,0.05004035512510089,0.044311114702097844,0.05646659421675577,0.9499596448748991,0.9435334057832443,0.9556888852979022
v2,normal,normal,10000,insufficient,5000,0,0.0,0.0,0.0007677019450571244,,,,,,
v3_default,normal,normal,10000,acceptable,5000,0,0.0,0.0,0.0007677019450571244,,,,,,
v3_default,normal,normal,10000,caution,5000,5000,1.0,0.9992322980549431,1.0000000000000002,0.0504,0.0446738140627647,0.056816503526230674,0.9496,0.9431834964737694,0.9553261859372354
v3_default,normal,normal,10000,insufficient,5000,0,0.0,0.0,0.0007677019450571244,,,,,,
v3_oracle_simulation_truth,normal,normal,10000,acceptable,5000,4789,0.9578,0.951867024068152,0.9630300680309537,0.050323658383796196,0.04448451718245916,0.05688363008361755,0.9496763416162038,0.9431163699163824,0.9555154828175408
v3_oracle_simulation_truth,normal,normal,10000,caution,5000,211,0.0422,0.03696993196904638,0.04813297593184793,0.052132701421800945,0.02935621106986614,0.09092531635292664,0.9478672985781991,0.9090746836470733,0.9706437889301338
v3_oracle_simulation_truth,normal,normal,10000,insufficient,5000,0,0.0,0.0,0.0007677019450571244,,,,,,
v2,student_t_df_5,student_t,20,acceptable,10000,6507,0.6507,0.641299639792801,0.6599846230982769,0.05471031197172276,0.049442882980748996,0.06050319132442295,0.9452896880282773,0.939496808675577,0.950557117019251
v2,student_t_df_5,student_t,20,caution,10000,0,0.0,0.0,0.00038399837067659573,,,,,,
v2,student_t_df_5,student_t,20,insufficient,10000,3493,0.3493,0.34001537690172307,0.3587003602071988,0.036072144288577156,0.030380389732798496,0.042783195700947865,0.9639278557114228,0.9572168042990521,0.9696196102672014
v3_default,student_t_df_5,student_t,20,acceptable,10000,0,0.0,0.0,0.00038399837067659573,,,,,,
v3_default,student_t_df_5,student_t,20,caution,10000,9891,0.9891,0.9868688476233592,0.9909555251704448,0.048528965726417954,0.04446669977614214,0.052941779463460396,0.951471034273582,0.9470582205365395,0.9555333002238579
v3_default,student_t_df_5,student_t,20,insufficient,10000,109,0.0109,0.009044474829555112,0.013131152376640733,0.01834862385321101,0.005046362367343297,0.06444457564998826,0.981651376146789,0.9355554243500118,0.9949536376326568
v3_oracle_simulation_truth,student_t_df_5,student_t,20,acceptable,10000,4982,0.4982,0.4884028164789366,0.5079985659151977,0.0541951023685267,0.04824486370034221,0.060832302774447684,0.9458048976314734,0.9391676972255524,0.9517551362996578
v3_oracle_simulation_truth,student_t_df_5,student_t,20,caution,10000,5018,0.5018,0.49200143408480224,0.5115971835210633,0.04224790753288163,0.03702358678634846,0.04817254342385662,0.9577520924671183,0.9518274565761433,0.9629764132136516
v3_oracle_simulation_truth,student_t_df_5,student_t,20,insufficient,10000,0,0.0,0.0,0.00038399837067659573,,,,,,
